col1,col2,col3,col4,col5,label
-1.250814235056549,0.41170070664959496,0.983944877842223,-1.2199231564971234,-0.5782894198667201,0
1.479663373942049,0.8900661382761115,-0.0737722069438771,2.121420460167977,2.033026128833737,1
-2.158867364551475,-4.264347864848351,-2.9186287387311536,-3.089198701317678,-4.859320850441945,0
-1.687920979839067,-1.3017436046386512,-0.8405422422209605,-1.051995549109704,-1.5585552097014592,0
0.6863418836832652,0.5774947513087716,1.47715144021825,-1.9208466236699673,-0.9558163472430182,0
-1.0682188749074184,-1.8204373236749978,-1.2225240524850616,-1.3694277704846614,-2.109380091308437,0
-0.012639654334512366,-1.3960348845846609,-1.0802373428056087,-0.7415857784194642,-1.4047139589158022,0
-0.8741004597294982,-2.401172757905874,-1.6236775992133328,-1.782162952671564,-2.765646728696276,0
-1.545087519440701,-0.9493744383473418,0.3006706876156936,-2.7427321260775743,-2.4996288476133244,0
1.3042381867326083,-0.949212687085659,-0.7435483242179923,-0.48464682766019673,-0.9416028787833689,0
1.6816990233955094,0.12680490292441543,1.0144177905322103,-1.913786937089562,-1.2392608611226397,0
-0.530517389089234,-0.455142230114794,-0.9395304407242925,1.0281383542978015,0.418180784958388,1
-1.5746267421330353,0.39812862812218097,0.18698692209904766,0.4732810013434574,0.5812218750069837,0
1.58262204844166,-0.9715056414070109,-0.4242146205225341,-1.2242241474166393,-1.4661212606519485,0
-0.2228487915881036,-0.6307866114236969,-0.4025658036292994,-0.5200063247993443,-0.7622950255843729,0
0.5865362352977853,0.19015650180425203,0.6100421084090432,-0.8998355474542816,-0.49917734335344,0
0.18431236860845215,0.21149455836569825,1.0504218370044884,-1.804956073209365,-1.1099974537157973,0
-0.43431916348080807,0.474166215827571,1.2654597015787228,-1.6909037795696287,-0.8632730149055571,0
0.6539301145668477,-0.7680417014635726,-0.665217801932312,-0.2546633269016786,-0.667031526309248,0
0.1576080618384095,-2.2905666338670567,-2.585031026327508,0.5402023320112946,-1.092618571059552,1
-0.3618933773775354,0.28461033382587164,1.4501214801309068,-2.507990976796064,-1.5482692476041955,0
1.056404360971392,0.0038777329856177108,-0.036296449712901024,0.08702478688277204,0.0625217393383603,0
-2.052614942171537,-0.4222771699701202,0.05667989724184197,-1.053347448861928,-0.9968758565001039,0
1.445888244225105,-1.3095124088101129,-0.8633576021010149,-1.0197902395879173,-1.5413056338715236,0
1.3678085564281874,-1.016756132051258,-0.7458512667342256,-0.6285492884047476,-1.0840944895500182,0
-0.43409414975240357,1.7547343178847004,1.2108180194186524,1.2499127000080947,1.9848914564428926,0
-0.2901905798205689,-2.9498471195288904,-2.0450589111914255,-2.0804930660069245,-3.3224716884477434,0
-0.14975841584212693,-0.7435175271873771,-0.6067405991011985,-0.32704109442103346,-0.7012785747830023,0
-0.39811343427496637,0.8828254162929198,0.4822062048860354,0.9033671166787443,1.1880216336642184,0
0.7404673366812401,0.253790008090368,1.0594124204351056,-1.7311656509675812,-1.0320299364183059,0
1.5668197038268472,0.7227542340544472,1.1934690728564095,-0.9873045705737993,-0.21881161058633322,0
0.18883477900334344,0.5934602735032725,1.239594391509531,-1.3720275525836232,-0.5669557312416582,0
0.7440366268751236,0.6054423602934252,0.22512267699081767,0.8477952746783377,0.9722334843945699,0
-0.2800071721209181,0.897828878319742,1.065599889820001,-0.3249299537729269,0.3501797206319628,0
0.4565891864285222,-3.764882138504506,-2.586715745604197,-2.705894632100485,-4.2753494823365,0
0.1649190191582603,-0.8110663015570899,-0.6547101004534743,-0.37221863693629986,-0.7756602375666761,0
-0.21816883058412617,1.0621197962765538,0.06438694099823461,2.2019504379247525,2.198652364659232,1
-1.9500792039302937,-1.3271369325053557,-1.9118318865467896,1.2082903265562193,-0.015359084441163837,1
-0.2989611560064216,-0.19585930336088214,0.43401543791224484,-1.3701144262194411,-1.0705791492788042,0
0.47341137093961366,-0.6930425052874636,-0.5164665149682339,-0.41096579786926557,-0.7268909390488428,0
-0.2869889050590825,-0.9573696484061968,-0.6613004037598033,-0.6804567240987789,-1.0819163178118862,0
-0.6198300886258672,0.8837656582241933,1.175587102717909,-0.5937343701033628,0.1557267668908066,0
-0.6853988937533766,0.9082901368221872,0.5458148286781878,0.821967777737949,1.1481520116522987,0
-0.0232785557662328,1.1736864192655678,0.4557473219177003,1.6017007836572539,1.8558930429316323,1
0.460019007051097,-3.121168351839909,-2.1667823700056306,-2.1949445674602055,-3.5110328795084165,0
0.6023264572230735,1.0681806111594794,0.8708818550540567,0.4715696151016533,1.0086866413748143,0
0.5593188602789132,-1.6917434522725958,-1.1068580310314913,-1.33584012116343,-2.003878924513551,0
0.26334147914236433,-0.36519399659033835,0.09579863999423188,-1.012102143667962,-0.9319022170968217,0
0.07169248725973938,1.3347991732377744,0.7256818318454066,1.3732000334271692,1.8013103628042693,1
0.9012896889050702,-3.512093496227504,-2.2811587386003005,-2.809340255124112,-4.185005905500186,0
-0.39243827715782253,1.7117942308096148,1.6098163627346025,0.29257956440491395,1.2969282611443225,1
0.4708305019113999,2.1404822193492268,2.2663700589901827,-0.18203997816215778,1.2437138260267877,1
-0.6285913581466264,-0.9931065180137663,-0.7306564689876635,-0.6092729586862227,-1.0556660310559796,0
-0.23892553657249344,-0.3194078300975315,-0.273210279916675,-0.11333636507711975,-0.28252574931567964,0
-0.011390946521844135,-2.444633237479548,-2.5528621967224248,0.13105022479423856,-1.4734646461628562,1
-2.5016135290475177,0.21613793649871388,0.7200939763725673,-1.0805118801952442,-0.6072106643187085,0
0.07482481985925736,-0.32612515705596706,0.02739053920534018,-0.7780785445477139,-0.7454490295494347,0
-0.7679131089137424,-2.0833744782867316,-1.308253637183108,-1.7636455421702708,-2.5495691535100264,0
1.1397412584473399,0.01344855983817726,-0.3722634052735899,0.8345226509551006,0.5843661517896082,1
-0.5470203568138639,-1.9002433702041188,-1.3136095984499823,-1.3484010924821788,-2.1459266456862434,0
-0.8509106839441195,-1.940670550704507,-1.3207552369987992,-1.4220624038351604,-2.22260991664152,0
-0.04463566878102307,-1.9399629024171758,-1.3493303788789603,-1.3587196407588822,-2.178455099725256,0
-1.0727937206797529,-0.504098553603975,-0.4357084633909295,-0.16909745848849467,-0.4391473507924427,0
-0.9349098940893772,0.4060355154998925,0.6366717824008099,-0.4815638218159186,-0.07249674191266346,0
-1.1805710713698756,1.2753807384888078,1.427168725992812,-0.2744723823827986,0.6265193422678155,0
-0.30484271896744497,-1.9542884370754285,-1.3396718211516672,-1.4111794810024916,-2.223813084698113,0
-0.053553583105051275,0.95002840554426,1.5791745262999326,-1.3202808211975283,-0.3031503843310162,0
-0.14459251650017213,1.1696489931,1.1028281642382733,0.19373370342046825,0.8819104317866137,0
0.9229049926599047,1.9152401535265382,1.8542039351352868,0.21262670737225586,1.371914706248063,0
1.0511025922765675,-2.4327271571476823,-1.6880111936802003,-1.7126192287441806,-2.7378523479947083,0
-0.3312629599870186,0.37131324049540754,0.20899435734185023,0.3665907975515348,0.4904586884610529,0
-0.6235862504025388,1.5303784662231634,1.0468143589594445,1.109975321915646,1.7448194804860002,1
1.3251998251153554,-1.2639900811312441,-0.9412810364919282,-0.7509683177410302,-1.3267155892858606,0
-2.5613611388185094,-0.6454046689350409,-0.4476083628279086,-0.454840473382519,-0.7266865610316833,0
0.4407026080630108,1.4113142891226698,1.1258211880100824,0.6767073657167031,1.369726883943569,1
-1.5936044023097802,1.3686639613411946,0.8993879215394631,1.0722722884646623,1.6153550313673857,1
-1.3357351930161185,-1.0371204567548375,-1.168855204113902,0.24114899415134616,-0.4970903586332947,1
1.3198274787786883,-0.025932426449025898,0.8118879497072937,-1.8125618822540914,-1.2671316727841093,0
-1.3073439389714756,-0.06943175040282235,-0.1692100892116586,0.21280885993880871,0.10240651347065154,0
0.5057584474868236,0.7243605609702941,0.2811566522696052,0.9887667882578699,1.1455683917784936,1
-0.93017084365754,0.2719580328341038,0.03562586094156328,0.5224322743730105,0.5344190249547679,0
-1.5046550741045892,0.9440042041935337,0.6226793163103375,0.7344996265377048,1.110652039284139,0
0.2651953137953546,1.632202174762815,2.103403616927015,-0.9500559188649207,0.38867921252554477,0
1.6333179646699085,-0.3426884374829032,-0.3039686750199865,-0.09814892280392506,-0.28694053074857184,0
0.6661328462702027,0.39430112236057446,0.8756498807380385,-1.024128967758855,-0.4543358456915152,0
-0.3001591437519722,0.6071577051661055,1.3588923283192673,-1.5997718565244083,-0.7153210127484971,0
-1.6198126784114018,-1.3171936884765314,-0.9940105109571831,-0.7542340825581755,-1.363004140632849,0
0.3932697449914581,0.6119848495955899,1.8572318385678495,-2.666602443052983,-1.4482722243355606,0
0.389541309607847,0.46168745040009435,0.19759147815424072,0.5904513125418329,0.7027211117390958,0
0.02714360690683053,-1.8861963551076617,-1.937928803233108,0.032416051256693335,-1.1842722787232862,1
0.23040024933684247,1.181059274535478,1.1474666710048433,0.122370766613767,0.8399743296439492,0
-0.41207874876074196,-0.3679853806682014,0.7130211231088888,-2.3527652415091267,-1.8586526231311205,0
1.8482099134531542,0.9859817859231386,1.3885233535346178,-0.8288200106446415,0.058923631868249386,0
-1.682170921331543,-1.4967712567771825,-1.0704961155516834,-0.9846942521387325,-1.6368850210153019,0
1.0925428193205615,-2.137573928623674,-1.5100424586436272,-1.4468219063455336,-2.3656552436644906,0
0.6139699143316095,-1.7552257701358815,-1.2345384226991118,-1.1997095741765467,-1.9505691676905872,0
-1.0890738962023694,-1.8244272761522102,-1.1881833138738476,-1.4524714298871968,-2.1692269173891536,0
0.5184363570583244,1.028416577892154,0.08229074223596089,2.088950385399173,2.099129537868509,1
-0.5623153323544797,0.7943601547398298,1.2238532188180218,-0.8951624380356052,-0.10943219604839285,0
-0.8193786347834319,0.3822916947384217,0.16434340681650417,0.4873306998267668,0.580783994606369,0
0.3923699077279532,-1.6138094836017212,-1.1133530217695284,-1.1500122885635014,-1.825814686820574,0
-1.2065412119559418,0.7696351021864003,2.2378579656914837,-3.1420641301395844,-1.6754558805335389,0
-0.12486168783356986,-0.2310748709582502,0.4009196786107775,-1.3761807884535457,-1.0972926141595647,0
-0.4126328724392895,-0.6886179140785537,-0.2652469256589257,-0.9443803216844973,-1.0920795253557118,0
0.9664316470497026,-1.1274295431964796,-0.8105985277694265,-0.7325081531698721,-1.2266188773057374,0
-0.30459273210092597,-1.3787125632742596,-0.960970925671833,-0.9612718201769956,-1.5452006839230354,0
-0.8216923433624024,1.4279951502774102,2.0106826474336588,-1.1997023886516707,0.08580516337963712,0
1.0147400497849017,1.9464348039385113,2.040092468519558,-0.12052657952440227,1.162017842469501,0
0.2899996946009636,0.8030957679612439,0.7548595200591446,0.1381144484516581,0.6090456502413361,0
-1.6233244532396072,-1.0889666322141986,-1.2445087052859067,0.29043986921360776,-0.4962500917598529,1
-0.49155304459433796,-1.1001590564827695,-1.291231747216627,0.3667900337262102,-0.4507337803059128,1
-0.2776537836022671,-0.6845139884086053,-0.15385577912168724,-1.1761755341907802,-1.2493768087679784,0
-0.20808175994592265,0.11113275177520396,0.2792843551577041,-0.3588839827065874,-0.17651127786630502,0
9.852912604669559e-05,-0.2931473486676564,1.0843213353891978,-2.9906008544988114,-2.2508396597062124,0
0.1500747294650295,0.7143825398608831,0.3398094224241448,0.8399584364501451,1.0365177959334149,0
-0.4490487214956289,-0.6512319978006882,-1.2322390403448296,1.228781863813194,0.43116841061367106,1
1.1369330885732063,-1.5659433020801812,-1.129260113789623,-1.0101108493568716,-1.6986714384207557,0
0.63964175928635,-1.4185735280481344,-0.8845135819398254,-1.2144448945737865,-1.7453724215742163,0
0.9974620354992924,0.4273043931404794,0.9927573611045357,-1.2045826094261107,-0.5577235178299682,0
0.867069887121957,-0.8554917497629569,0.11599486896596067,-2.1365008840093216,-2.021312656962333,0
0.9842164136773289,2.2233406540424054,1.9740149533062463,0.6327069461716968,1.8588389654116937,0
0.5718291352543851,-0.9276570868493157,-0.5950505001336659,-0.7582035871736084,-1.1165485564844588,0
0.37836032282632875,0.4214810282901618,0.31236309639633564,0.253676637822674,0.4446490630221232,0
-0.1923922507157485,1.0469708026697722,1.2324209559423855,-0.35687340767366194,0.4235499877941709,0
1.6814694769244487,-0.22564532011864577,0.6494863649792403,-1.9016442444590382,-1.4563526217048386,0
0.21616753364140384,-1.0353399565802577,-1.5211554789345496,1.0067897652847462,0.03228777733699188,1
-1.2489198616095736,0.9144387496527833,0.8296659617943997,0.22180003025477557,0.7380112141094772,0
-1.3024317506494132,-3.0776867490160162,-1.9819138308161786,-2.49880915791774,-3.6928623644161545,0
0.20464540830503397,0.3498679227170075,0.9071693652734193,-1.1902191994748743,-0.597351401065815,0
-1.6027274483226328,0.3494360759969759,0.09929539148215949,0.5555508936738791,0.60683281535465,0
-1.0950133309968946,-1.954187832142999,-1.3422945112012739,-1.405287148464346,-2.219683424300304,0
-0.3419271443664856,-1.1847256932078598,-0.6512896026433457,-1.2032477090853777,-1.5880500544661593,0
-0.7708661309986443,-0.468278376465201,-0.10899720811528257,-0.7965308786678869,-0.8491180879996185,0
0.498967119090785,-0.38675392749619664,-0.2934153685081964,-0.21809720366739938,-0.39788610404123537,0
0.9260656614477228,1.402650864548775,1.0249434251662195,0.8757211491210976,1.501490449629899,1
-0.781519949042821,-0.1402093564337046,0.3693373102654681,-1.107606807266877,-0.8538666981372849,0
-2.025950095236238,1.2682830223389039,0.7046921122313996,1.2719650608066886,1.688913544635815,1
-0.6722888786095745,2.3622510596231434,3.0194135346121453,-1.3213808495622392,0.5995174319284876,1
0.09787948217973114,-3.4701450813790156,-2.3506893899100287,-2.566542300969518,-3.990656899290549,0
-1.2171839019167778,0.8017404171103113,1.1194187998279141,-0.6530946558511425,0.06229911130973466,0
-0.3757116399588327,0.9729033469339173,0.22317681276593215,1.6619732609066848,1.7690319766094125,1
-0.1240413510741071,-0.45236621698487783,-0.4339289923776316,-0.058914605156339506,-0.3300346128912994,0
-0.4739081590749228,-0.1788984631267574,-0.6030397385425779,0.9095109462745384,0.5130546885390554,1
0.5162181794081522,-2.3844834107530413,-1.6562869866256018,-1.6748702207244848,-2.680945667787551,0
1.225068558915148,-2.9955448176734647,-1.9288005213697792,-2.4325863912186083,-3.594625423128603,0
-1.3383825061618682,-0.4317409704484423,0.7848710811986913,-2.6486459828953697,-2.103575557837442,0
0.4086742111960019,-2.084950739353595,-1.5126395279683043,-1.325212789824551,-2.248089279323785,0
0.022494560403713143,0.7782158378782891,1.7374632347921466,-2.0412357720339758,-0.9104712746904197,0
-1.4748936975275262,-0.2695158348374976,0.008719468751193338,-0.6129291003335082,-0.5952932460021217,0
-0.32714584743773895,0.5606041581662122,1.0941013150291903,-1.1298764274763158,-0.4209069295643155,0
0.7953820599617589,0.1729912020482509,0.9211315289321613,-1.6102851607180415,-1.0003193626797413,0
-0.16441566510434266,-2.8285451671543402,-1.8762953049257205,-2.1780024010870145,-3.3121471197786345,0
2.154399275794268,1.8307807652097925,1.8132162308745583,0.11507868209912897,1.2505829826260175,1
0.6008152948250961,-2.1503871198995026,-1.433100519239769,-1.6414230555077889,-2.508113413155931,0
-0.3073424587113742,0.9749224177573627,-0.07078540549700474,2.3020059102702675,2.211901824735159,1
0.5749572821406469,0.5030373135378716,0.940984260144895,-0.9257096147488628,-0.3168726153833799,0
-0.6743998874008094,0.5762124298173789,-0.48381346370442,2.3161719380413976,1.9666127388640322,1
1.4467353094259505,0.22925961881530413,0.6080760574937014,-0.8093922016653564,-0.4117626603186109,0
1.0231003030945836,0.008143231178477739,0.3430724868737808,-0.7238149216246252,-0.49417278887053695,0
0.11093817998828445,0.7828741869094497,0.9635901946587967,-0.3577598475908149,0.2539905778074642,0
-1.3177483025620342,1.4561881558439285,2.0736206296022477,-1.2736379341647261,0.05283037989008631,0
-1.042973630520215,-1.6468987462056173,-1.8606203120557738,0.3927341121620017,-0.7825943544345937,1
0.8300743303773033,-1.3266680260362531,-0.9659989347834296,-0.8356822013106178,-1.4252586237446632,0
1.7861066603124731,-1.1853496863327702,-0.7723656490671096,-0.9428419696283818,-1.4087873069445749,0
-0.7292368434926944,-1.966924226758845,-1.3521235762297648,-1.4121095334632496,-2.2325381210373973,0
0.34873719136617165,0.9515641855448931,1.0002553520503308,-0.0652017929669233,0.5637497052367756,0
1.251932674425956,-3.0091189397960862,-1.9586642558794023,-2.397937928469408,-3.5794040174476707,0
0.16506151937057523,2.3568508199958362,2.909410301792125,-1.0954438577419654,0.7519436710494624,1
-1.3682829447182625,-1.0588041032906768,-0.7512051418621046,-0.7096572161716714,-1.16695226207341,1
1.445956317019539,-1.9051091358957892,-1.2272072762322617,-1.5459387394300141,-2.285326669997117,0
1.6871276335428322,0.8520179006736146,1.5940975092535736,-1.5685844269374176,-0.5371619365524748,0
-0.03672456632073813,-0.7791062100407592,-1.4127912215501186,1.3372927217766204,0.42422972631885864,1
0.24479226370156976,1.511823607941726,1.1235169356539059,0.9032357141241056,1.5903135571460798,1
0.721465827607528,-0.7301876870111558,-0.4442177877863759,-0.6490531032130535,-0.9149172005531594,0
-0.6592446705355264,1.0580771851649757,0.4796550775971934,1.2951792491572753,1.5704568960858818,1
0.9843150275325967,-0.9918728614913764,-0.6980716572745727,-0.6770060223509871,-1.1016079602914797,0
-0.6501252610239313,1.2110231745523732,0.28454861835159995,2.054152270150131,2.191938299041012,1
1.2497335145895272,1.4416970683287564,1.467973653555156,0.0039028580581610406,0.9249748271392342,0
1.2816737801328666,1.0695223448722113,1.0132957821314221,0.16661084701762974,0.7991445420514376,0
-0.6191762021041362,0.4185688311251011,-1.1825307711342057,3.4794001888410273,2.6683119558194455,0
-1.6516781979822213,-0.6210019723770538,0.3127396923572898,-2.045016324847591,-1.8081868982287874,0
-1.415019608683963,-1.1684969466935249,-0.8067516561795719,-0.8313478137511779,-1.321083029049571,0
0.6033569892649759,-2.4880290135369316,-1.7402171441611467,-1.721641952611571,-2.779455093850053,0
1.574238157469145,-2.154613939000415,-1.640594484419156,-1.2021127233846376,-2.207723684083143,0
0.4212569629151549,-0.41357590741405825,-1.0887087208301942,1.4423019670799335,0.7305157973934321,1
-0.6796075982353528,-0.36499545479747353,0.45302263022176537,-1.7840263117063533,-1.4643494295499906,0
-0.4433414682791666,-2.810699273956781,-2.6753845556387352,-0.4109374947348159,-2.081578325138368,1
1.1522607410047436,-1.953638454687677,-1.2764826612011662,-1.5463694308740843,-2.3166689822077053,0
-0.555136219577575,-0.21708673835448558,-0.08718854594679692,-0.2899981746374273,-0.3389533389821025,0
2.0563816348373214,-0.011184405509735667,0.4731823010617331,-1.04773087160939,-0.7300166360022503,0
-0.06659028999290552,0.13951420103327108,-0.5240109538220609,1.4404977877358596,1.0830937187553809,1
0.8469001520447833,-2.709007385768064,-1.7286762639235476,-2.233683258689976,-3.274092373159055,0
0.27241220095659824,0.09207198944557568,-0.343446397773588,0.945521374683347,0.7112445477463085,1
0.9378876557164776,-2.1660160928566183,-1.4453724129910497,-1.649339672853292,-2.5235734940093457,0
-0.11505991961460718,0.6911773974184251,0.9783833950794225,-0.5918659279945341,0.03381334353842152,0
-0.4657710591487267,-4.836105545434383,-3.068246901320578,-4.02599494898636,-5.871410087520032,0
0.24368837353920408,-0.0662565218321222,-0.13267913164076273,0.14082343131827457,0.05477280890885916,0
-0.19002202013793784,1.7740595946444626,2.1688538284179737,-0.7788799992792921,0.5975277406971897,0
-0.6573558836605474,1.7271079576402775,1.7934297967039146,-0.0706599861554198,1.0561146179073022,1
-1.2700653038769714,-2.9632553844551075,-1.9466992453212282,-2.322713632776691,-3.4981646390335923,0
0.8211758767824726,1.795784036211886,2.0707634305558233,-0.5189108055719358,0.7907860375114618,0
0.6095537824906045,-0.043561490501075516,-0.41522403148676745,0.8017451464552737,0.5252814867621077,1
0.04150869921102753,-2.2776693144583833,-1.5300754678298982,-1.7123114130716939,-2.6384464081330417,0
-2.3398119587766826,-0.049738794750087176,-0.13082500036174527,0.1732235446914241,0.08769336023557042,0
-1.1779108879671778,0.7480734963223046,0.7080699882472141,0.1179970381476394,0.5599671948971551,0
-0.7450831063538558,-1.2253565406734803,-1.5158282626908601,0.5764302507041855,-0.3861878537801132,1
-1.502964575659079,-1.3691384035065464,-1.4335070237384924,0.08151251992991093,-0.819626918176848,1
-0.2868528727366306,-1.3021496649628954,-1.8274186283979692,1.0808564135840213,-0.08729481095894628,1
0.8984130310989359,1.0314041998085057,0.6137176379175764,0.9465260972487521,1.3128471277668317,0
1.2668633151228552,-0.013624334662506603,0.7132536780092953,-1.5721726256252473,-1.0934060018995344,0
-0.4383099865047707,-0.376697359839793,-1.5009122224371798,2.414825199699078,1.4250814210945275,1
0.7699013650639613,-2.5366391286668515,-2.847061024319639,0.5643412320641785,-1.2333818427425716,1
0.40093592315087195,-2.816966718216959,-1.8709672451983161,-2.1640006798235056,-3.295079938906515,0
-0.08145773709944891,0.8753667722697241,1.8221398557803399,-2.010173344342339,-0.8268909765523654,0
1.587232138646162,1.2212984831294869,1.3395619426897267,-0.20426590278167545,0.6403594634263832,0
2.6887409027145326,-1.4793026338749933,-1.050329867646234,-0.9897911676303649,-1.6292265162386879,0
1.1785676345107499,-0.9949936616769371,-0.2655534991850754,-1.6190419708391517,-1.7535439704623619,0
-0.6923005569564821,-2.2883136301099167,-1.4483200489165453,-1.9125391774855518,-2.78339907990139,0
0.41220787959997435,0.11273187411527753,0.7660194988597584,-1.4077398375448908,-0.899126198826202,0
1.3423658136460714,1.033537251345905,1.1783010233499045,-0.26947023737931197,0.47525841456769846,0
-0.06254772207593458,-1.3281633139181528,-0.952309115447604,-0.868577226669833,-1.4489104786340563,0
1.5975337861049095,-0.792594247779519,0.26610409168158433,-2.3224143693818906,-2.1093433123035963,0
1.6362251340910259,-2.579825159192947,-1.8161979840517362,-1.7597024998647726,-2.8644380456470033,0
1.1641088150976624,-0.8535025051188518,-0.3083341393793304,-1.214665090893939,-1.3840372336833027,0
0.11722645872930286,1.1439603375152008,1.9156375762132085,-1.6202831640016462,-0.3860691349694424,0
-0.4763611888189763,0.7341622376492246,1.7011291069734134,-2.059781497906049,-0.9514485005936086,0
0.17071527120606,0.5828185555828406,0.5562238135150552,0.08204605868454551,0.4294466548750656,0
-0.35420268247516856,0.48340217122065743,0.6840106537477804,-0.4133818513806934,0.02403707603628523,0
1.629248021813351,-1.0703640281136513,-0.8595647100405099,-0.5008514284003738,-1.0302858399174846,0
1.316411687302179,-2.0280066616432784,-1.4396848116902274,-1.357431582617643,-2.2338897627136673,0
-0.08154225123130775,-2.50704130729689,-1.7112166424924184,-1.8262521566605323,-2.8637914311451595,0
1.234609144373043,-0.9296677717491115,-0.6299991121831225,-0.6870724531494743,-1.0687592744219374,0
-1.0984669080786391,-0.7775022597745412,-0.10320089891297979,-1.4906656677229033,-1.5258396599459925,0
-1.2086564106283393,0.21318876787410912,0.012096933121041653,0.44376334538311024,0.44254705042733977,0
0.8464607543609347,0.8223098468228636,1.737816307247063,-1.9448055491755185,-0.8157332887739431,0
0.965157058982725,-2.635402422719647,-1.7792240976883567,-1.962149961524026,-3.039666650151436,0
-0.15403773123453385,0.5118965444507145,0.1366589785696699,0.8328675025519812,0.9020912469717808,0
-0.6866684353348808,-1.8032988220317532,-1.2855662024403247,-1.1953456545756316,-1.9783116473296123,0
-0.12477833773489151,-1.3942637359715568,-0.947015082914134,-1.0257245100307961,-1.5996169695659517,0
1.3548193827323165,1.4080651706459835,0.8665028180930898,1.2302234596779704,1.7495361348578646,0
0.35566987132477756,1.4036463973650963,1.921799605242298,-1.0611968208256144,0.16578803551881685,0
-1.240184838579734,1.230711051524187,1.474804803447866,-0.47592992598985695,0.4589515051047963,0
1.9999155179979364,1.4510462473334236,1.3548981929514565,0.2689935824997449,1.1138499253242387,0
-0.9528163468744931,0.3389361314316121,1.2348785492727825,-1.9228626420760766,-1.1098179271677462,0
-0.20432141333168188,1.4484601298201103,1.8158431686814103,-0.7333260431705468,0.42066439935864175,0
-1.724807416800313,1.685159232496111,1.3935068790885703,0.7015572030960051,1.562055576773566,1
0.811840082196201,-1.1511119806478385,-0.8491788805282126,-0.7012944135572049,-1.2202336819653163,0
0.04478404067386133,-2.010926663758432,-1.3312009228251938,-1.5543386222679993,-2.3588155727009705,0
-1.6285310324076347,1.0420393342289094,1.3338026376686711,-0.5869430797581529,0.26166308749188283,0
1.1038821432175845,1.5760905942996901,1.5558079234207973,0.11022953075672737,1.0843070649471107,0
0.2314469510176569,0.027877272032011666,-0.3726047549567917,0.8670649795919682,0.6160484376645577,1
0.9008204958742516,-4.349013182125928,-2.7733276458845033,-3.5899797246349823,-5.258987157416604,0
0.015581592451653236,-0.09368834832147058,0.20569863641045472,-0.6512567642421202,-0.5092563598204942,0
0.7896957232981879,-0.5594856381553612,0.1296525341792445,-1.5135630486707106,-1.4021677229514673,0
1.55053235654559,1.5789762389732724,1.3473887442485992,0.5672178380568484,1.40144335650059,0
-0.9041716213758066,0.40366190126956275,1.185784439379669,-1.6740443117445172,-0.896744153853428,0
0.25719889068731283,2.2604090736109725,1.7355854079339015,1.2299282306455028,2.294593697785265,0
-0.9580148508043915,0.9360452993037932,1.5303305845267152,-1.245496334842564,-0.26049953683487637,0
-0.23507180728812316,-1.5382660100968681,-1.041865897999756,-1.1380605069141376,-1.7692421311569502,0
-0.19959769058845225,0.05133399834972039,1.0400649814089,-2.1355949855073786,-1.4405732854455215,0
0.3688731666836947,0.12843328940038057,0.6184086974171182,-1.0539776686119422,-0.6450102928837675,0
1.112326234077996,1.0288759303068904,0.6095404742405879,0.9499847311473133,1.3136159616627683,0
1.647974062676477,1.8736643283925496,2.425853919240033,-1.1149931608325792,0.4293520515387824,0
0.5136302547216386,0.5051181728720474,0.9379356118138229,-0.9145313601560854,-0.30782922689299524,0
0.03743364079000167,1.1258966164875082,0.6118717679308772,1.158800693900345,1.5197505679798822,0
-1.5298291105501032,-2.7536958941039185,-1.68797115241698,-2.4201966960005095,-3.4313618521950446,0
-0.20817124477533178,-0.5796880316038165,0.6989790630142821,-2.7890472326470723,-2.2950873587857314,0
2.094192126109885,0.3880550432951047,-0.3639010988693039,1.6421634784430796,1.3812255727647798,1
-0.25136919573830496,2.11515910274784,2.310015283472868,-0.33222440150379107,1.1238972750623775,0
0.13999057034023116,1.6712210756166515,2.06746471780553,-0.7863447673503456,0.5265897332938498,0
-0.1996149875050937,0.8950924855926321,0.4522841046413324,0.9951018615640919,1.2591597422263399,0
0.21709521972449672,1.3376000103852612,1.5218988495971493,-0.34214448581425816,0.619633175566703,0
-0.8655498811527348,0.7322408372689322,0.3061022596376697,0.9522013349505525,1.1253819295816896,0
-0.1851903024792972,-1.3806199765099572,-0.9099782783778002,-1.0757285272052537,-1.6253880961122578,0
-2.3985539979197896,-0.004083156025837218,-0.7381715346405339,1.5870165772415392,1.0923194686625863,1
0.16804395749814763,2.017778013691402,2.3931862849443384,-0.7267011594355738,0.7894390194253631,0
0.29114657622774204,0.1408956026735186,-0.1497479011327475,0.6343403925756177,0.5277846489261949,0
-1.5922482228834165,-1.6435377149823662,-1.2491995572164072,-0.9218235658837782,-1.6873980067594367,0
0.2699772403366383,1.2630479037075746,0.8382509835016028,0.9716550668324548,1.478371435033792,0
0.9153488013793663,1.2744541591551048,0.7145297463476192,1.2642975398145777,1.687571284354191,1
0.005039439809244319,-0.1848484658910573,-0.1461482054421117,-0.09145943992217742,-0.18135189953733008,0
0.4967098455812168,1.753513392737691,1.4249139685767778,0.7843199591427898,1.6628836555512583,0
-0.2502048222233277,0.6921030005339969,0.7819241524284087,-0.16505685544500193,0.32887417554831666,0
1.269803286027811,1.3998327941041266,1.8462537903426703,-0.9062636445686033,0.27024156126626725,0
0.6163546045823849,-4.220939755381368,-2.851882585192791,-3.1378302953759434,-4.865104256759865,0
0.6654793169501018,0.8935193008154999,-0.2011692606279687,2.4044800015564336,2.2305266681185456,1
1.2384353692513173,0.7839991495868333,1.2211372824414162,-0.9121283547170304,-0.12776564363646364,0
-2.013212323476204,-1.9863080440257321,-1.3515454145653458,-1.4560861001946417,-2.275279118132889,0
0.960786604381958,1.3659629360704353,2.012747026075072,-1.3408994759039612,-0.0512942837073325,0
0.47510616289824487,1.432499515587901,1.7104659973871983,-0.5406687196043077,0.5433742913815173,0
-0.131367390072204,0.43908167213501176,0.5821725610031936,-0.29088833035582007,0.08019642366254992,0
-0.5892930839360406,-0.5659816907501668,-0.5228819287007369,-0.11702285083648756,-0.44280734407351524,0
-0.8241603184874219,1.1624661100381932,0.39911423210937635,1.6994162143644354,1.9161320700487323,1
0.5187817785357653,-0.6013277240193765,-0.3250237603268523,-0.6227273277420422,-0.8143199717875114,0
-0.7030476725812905,-0.02235974878351465,-0.12318591870178752,0.2170568020677428,0.13545018971090936,0
0.17994939281730743,-2.104351468938427,-2.2470945217131684,0.22000462369722096,-1.194407293941136,1
1.5022977686532162,-0.4311511572070656,-0.7892942474825987,0.7561913857203528,0.24590377156343682,1
-0.6134862975477949,-2.655179958156799,-2.5221799095965176,-0.39938331223711465,-1.9741179574542513,1
1.9830137119412754,-3.183797678415007,-2.024198353148658,-2.641278414045743,-3.859037545735781,0
-0.7069698791524054,0.5746124408477173,1.0750664647400956,-1.0578431983202718,-0.3622476139771369,0
0.8128849782119606,1.0829619563522432,1.3622619900288278,-0.5582725447886536,0.30762278196156334,0
-0.11590562187413837,0.558039258604797,0.6568808878970809,-0.19020622518495534,0.22575962498092872,0
-0.9269174022238007,0.6556517847177481,1.3748248817696647,-1.5273275755212903,-0.6343168536080442,0
1.3952954546813123,1.011130079908492,1.7379466827693446,-1.5288830532382098,-0.40798353021847045,0
0.9155349219568595,-1.0793791279040417,-0.9795039921204642,-0.2613994926442532,-0.870847722864808,0
0.06876641919003362,0.5258613946020138,0.2954676476984197,0.5202856337441986,0.6953649932335736,0
-1.2346784100596466,-0.49887833976558105,1.2633519480314714,-3.831166544976732,-2.962381964129828,0
0.27821778703750744,-1.7412409390519539,-1.9379522669071396,0.3519827508539649,-0.8710625383400323,1
0.02482490261676052,-2.1956250575876264,-1.3610318147234706,-1.8969594751632672,-2.7133554512914864,0
1.0352068331422686,-1.9347843372034008,-1.2614001941984965,-1.5374206352597337,-2.2984335810887644,0
0.9314213154958947,-1.7576694216640028,-1.1211203804651406,-1.45031958855073,-2.125035976165969,0
-0.10830251141639037,0.7009187864461507,-0.08037063653617371,1.718761638416931,1.6342181226854071,1
-0.640239754306535,1.0075711222472326,1.6852194372158065,-1.422725105723806,-0.3370186330055911,0
-0.46120220264976225,1.910535804905671,1.2769141403799051,1.4504281014761675,2.222902490986486,0
-1.3224492158424488,-2.000047365224825,-1.3268294158384928,-1.539809810000551,-2.3418319958744447,0
0.14654118816186193,-0.35471613992437667,-0.18934530124871707,-0.3724905223440915,-0.4839115965813347,0
-0.14908863667763303,-0.8961429809351482,0.04557941837600399,-2.073859011755922,-2.0040994992757577,0
-0.7794270691127816,-1.5922780979905777,-1.0550880375841105,-1.228528026474392,-1.8662110559306568,0
0.7719149360795612,1.6563107814758353,1.5551986997921223,0.2883709830568675,1.2585307716711878,0
-0.21139210316560716,0.2644210928652932,0.8544818007046756,-1.2646472552516506,-0.7033636325698088,0
-0.8324348374883964,-1.7454341854233313,-1.2324445225223473,-1.182653876544416,-1.932538046979972,0
-0.613031088738463,0.9819422860027516,1.2977895174179879,-0.6415464111660639,0.18554529964499816,0
-1.695709912179971,0.5762874284118479,0.22206898177304502,0.7901333810693214,0.9137997841520106,0
-1.7740883126054074,-0.9224213463784796,-0.8080037820354058,-0.28623183109696326,-0.787571320057112,0
-0.9270710106749451,1.7510518512581519,1.567353583280573,0.470922334610985,1.4450862992795799,0
0.5573856881180529,0.41573571313813573,1.1888575907330963,-1.654075306894827,-0.8752430670519212,0
0.2381016807785262,-1.3793199161139305,-0.9306234212842103,-1.028225572137173,-1.5917826721426658,0
-0.39535072148003536,-0.045856020272398025,0.8870126978502344,-2.0189070487924248,-1.4222410661666811,0
0.5809731403287255,0.6914917676163894,1.3227771517432783,-1.3357942543159236,-0.4792445789986163,0
-0.3101113631987671,0.9417160598854756,2.122904583051648,-2.5142138399709175,-1.1321990645313964,0
0.7899983670438039,0.011397239261152605,-0.03941799603203067,0.11034871800737678,0.08342401360260371,0
-0.6667148918064973,0.5312154607222153,1.10937387199718,-1.2276771861975782,-0.5071832117461531,0
-0.6536992507278843,0.9796914622917289,-0.08801115847368024,2.3497621878392323,2.247901201444144,1
-0.4403899764286563,1.0063100923819348,1.6359444047301106,-1.3189660880572878,-0.2662388014178666,0
1.5855664341896099,-0.059150967866590735,0.5834106584692083,-1.3917876443909953,-0.9980771433077825,0
-0.3591507551081873,0.8139032231317347,0.9805914488133164,-0.3261233076262682,0.2956674877862561,0
-0.4425555285327575,1.670585196325765,1.45233691844538,0.5422348711241756,1.4428109009381338,1
1.3040781044231284,0.16341762098480142,-0.28880887054248505,0.9846510024609526,0.7838824927699732,1
-1.0786627245126148,0.8393429308527732,0.6950927889495748,0.3472347115579506,0.7765121780371407,0
-0.6206295128991681,-0.04433718166165373,0.6614296346164665,-1.527821095757798,-1.0824541330377448,0
-0.8922608848294975,-1.8643962126037035,-1.2643110512483349,-1.3759749587722006,-2.142018568432865,0
-2.4365301603219516,-1.0296800325113349,-0.7807116822862308,-0.5816641502121349,-1.06001466549335,0
-0.842053887268897,0.21242339190769688,-0.37569180559977877,1.2805227881512908,1.0193634978536272,1
1.088746182784558,0.6224116431260596,-0.5828182365193597,2.632066298475973,2.2141125236374726,1
0.43548661511838466,-1.1086694859130815,-0.7933762155749298,-0.7283932945339426,-1.211778730143471,0
-0.5795921132971562,0.7242028554878263,0.8685447010277448,-0.28158537707380227,0.2690124767309082,0
1.267996122268334,-1.2364911421869167,-1.6742134964305238,0.8943351369599103,-0.17397852057447355,1
0.22529850856235076,-0.34680317033634417,0.424838705529742,-1.6829891407357986,-1.3830028138268342,0
1.500996310305494,-0.6706531663410044,-1.0791918216694842,0.8550662837020654,0.16090643292650733,1
0.16215198296339925,-2.224510058814515,-1.5754189597400798,-1.4970977046208171,-2.4559568248100105,0
0.2964124056273936,1.2977011355021844,1.9586107512903739,-1.374315380849192,-0.11801736796966272,0
1.0928168060653287,-2.132489222856107,-1.5033621900239416,-1.450057568944782,-2.3646348399687684,0
-1.846096398258401,1.412511275692192,1.5854325378869625,-0.3143899435526356,0.6867041056938935,0
-0.6175796866502442,0.669980252678642,0.3465819600538631,0.7274422581691848,0.9304844029725832,0
-1.1915357981526689,1.7577692212602773,1.814269427938433,-0.04813314287817039,1.0912711965719428,1
-1.2971462572545023,1.29962419768698,0.584075415698429,1.6018364097233584,1.9365515029032936,1
-0.051517710465035976,1.034301976798164,1.4615197985618011,-0.8801381091984997,0.054429079094196156,0
1.2357585729150362,0.8047118755962502,0.9058773780532275,-0.18484228189971186,0.38726172565792893,0
-0.6628921173123142,0.6798556538540296,1.551596666740798,-1.8561786741169115,-0.8457176463970795,0
-0.8417939363904303,-1.946816639619998,-1.2507448780501922,-1.5869807632740471,-2.340323939400324,0
2.03090683466347,0.7182046368638398,1.2181912864472386,-1.0507853958007904,-0.2655194515174586,0
0.043287187308800434,1.6321941118453946,1.393968990446013,0.5838104283730072,1.4469356205569819,1
-0.6010503759260754,-1.509940688540671,-1.758840152089354,0.4745609043742599,-0.6385247560120477,1
0.24173874372557333,0.16800868628783597,0.062124299411872475,0.23601051361553327,0.27030939082187544,0
0.0419783334891134,-1.732255096693936,-1.164620988542545,-1.3002467987179556,-2.0052380967953742,0
0.10563537202451122,-1.0090545758617868,-0.7825297387853619,-0.5322699133315325,-1.0127415498774228,0
-0.9174451460231788,-0.8238834442626909,-0.48556102966562065,-0.7661915511313212,-1.05567364711327,0
0.6276652623044477,-0.1757920756605317,-0.22128906105617308,0.09096666991797386,-0.0496969640322248,0
0.012276141117255333,1.1969189964602738,0.6317681561491633,1.2723323752673759,1.6435139875428977,1
-0.5228961037660727,-3.653703815779675,-2.4851603926543446,-2.6804064034258372,-4.1866413978113775,0
-0.7860281146099513,1.1586905182123426,1.5423455268256112,-0.7807114640847784,0.20260038918773288,0
1.5719701293300445,0.07482402254684004,0.7309507231968305,-1.4154747276143405,-0.9287131396734603,0
-0.03087741321516074,-2.1535503694974767,-1.4762791685437173,-1.555038102734949,-2.450537370847549,0
-0.7441728380892804,-1.2787432063224582,-0.862243850888017,-0.9543757169969981,-1.4764904756369834,0
-0.9956462215403307,0.5329388463264448,1.556321220932271,-2.1902330743127734,-1.17017763789594,0
-0.3202317520993304,-0.6113164573643479,-1.369363454274588,1.6132448349985502,0.7219559989267517,1
1.9098518163698195,-0.42084551862268443,-0.37575529876456015,-0.11521415744033359,-0.34871299137920586,0
-0.19090621747664335,2.1231147597441535,1.6229131429777373,1.1709103087438484,2.166045530720165,0
-1.1342886565362955,0.7484253189535222,0.9993895055214866,-0.5110957605561876,0.12616179361897575,0
-0.1188286619318703,-0.5684541380806973,-1.1518124614415826,1.2373517496524826,0.49003567227753864,1
0.5269847479589536,-1.568304297054058,-1.1591943114001495,-0.9505936565753875,-1.6591190718829372,0
-0.2094291319597111,0.23467197963056952,0.1704607093492092,0.14871563368688778,0.25272779553270025,0
-0.6053409558600665,-1.9767374432762332,-1.3072856892682827,-1.5306851559762715,-2.320624798397122,0
0.9926420227075273,0.25201520135927097,0.0860537198401603,0.3694423878139854,0.4161087734313951,0
-0.6081573409654456,0.38837799061611394,0.5133905573204275,-0.25393614383551655,0.07325472580986625,0
-0.9354215344581471,0.3851483008305676,0.663412006781912,-0.5854197993612944,-0.15751213913099107,0
0.07050020484182148,0.368126724780761,0.7312699967616721,-0.7696566166799796,-0.29551182429927203,0
-1.0918365843424724,-1.2811055853569078,-0.4638676264587107,-1.8209209047850226,-2.075857911321958,0
1.168953726417246,-0.6022888994150711,-0.5847451731090683,-0.06329663913883499,-0.42896641769532695,0
-0.33324948070475746,-2.5858702393376256,-1.770665644303861,-1.8714737515209507,-2.9454196269329467,0
-0.25174559030559435,-0.7080016288668615,0.32551585066538125,-2.2644077240263893,-2.0152071725096548,0
-1.0083689895367238,2.0572167958995617,2.2802928098341435,-0.3956793186751011,1.0430509366436405,0
0.22097132988536994,-0.5496257711359839,-0.20201212732331864,-0.7747301558792732,-0.8861166359618469,0
-0.583378320017452,-2.2637871997309458,-1.5445628589628035,-1.650388448766347,-2.5868431873363864,0
0.877313121351579,-1.0514919168821224,-0.7950836571234372,-0.5986687331703306,-1.0857001440209366,0
0.2634071964760814,-0.16606163814105113,0.9328451530491632,-2.3829639708350516,-1.7503130439358303,0
-0.48362740704068824,-2.469091403964991,-1.671406183946591,-1.8286766708259816,-2.8411868743808517,0
-0.8949566837042513,-0.3618691573543572,-1.0741128315248205,1.5247177633345128,0.8204548204306118,1
-0.8785809764672338,0.5685848087592217,0.343815171717613,0.50992488875621,0.7155478095546879,0
0.35836626475768957,-0.44756248314148367,-0.027435668505409794,-0.9272141460908053,-0.9260281266423819,0
1.0677995503407007,-1.5883636256255451,-1.25178363538173,-0.7946197516451244,-1.5643402271703548,0
0.6253383774979226,-0.45353844859799547,-0.500673384483467,0.08281102928192352,-0.2330036387557244,0
0.8587462386142712,0.4216884420240988,0.5997090397325582,-0.36714312108752,0.01645910510223241,0
-0.53392478984455,-0.9343279793629643,-0.6264335190133292,-0.7050538982052703,-1.0841464533437426,0
0.716099739667936,1.2575305497083575,1.6498212900075846,-0.7952203914017969,0.25582015680846293,0
2.0548487317684136,-1.8246883823206383,-1.1198748337668847,-1.6007382281500315,-2.271687776140884,0
-0.8304779309358664,-1.4390047078037909,-0.9569074197174647,-1.102955739822153,-1.6815228546661178,0
0.2734520666798448,-0.38670602887062494,-1.1061277025420735,1.539191486000841,0.8145520489500362,1
0.3042318561547332,0.28708993077681616,1.137628910540446,-1.8268783412675518,-1.0767624459634928,0
-1.0207982781089762,-0.38624197108500136,-1.0569353662301624,1.433854552871138,0.7421737261563434,1
0.7880801208136872,-0.8878475611840955,-0.5910680334793867,-0.6790645698114703,-1.0364811737027966,0
1.1139485812036212,0.8705618774316126,-0.003542962948894557,1.926584279113809,1.8861253940874219,1
-1.1313726226225433,0.09217312986588605,0.8507502032755432,-1.636254273733545,-1.069937171430395,0
0.29476168938259817,0.36156054941822324,0.6983774902735089,-0.713012410213818,-0.2606317564327219,0
1.7828078865284434,-1.2087956807918145,-0.808344859643121,-0.9167310402196169,-1.4057714400394594,0
-0.7805100819654862,0.24636593138041243,0.54913932463534,-0.6442574501683669,-0.2868878702079787,0
-0.9562491614803662,-0.3988320801086493,0.9079906840225925,-2.8423066027787023,-2.216135507453335,0
-2.0465339284799553,-1.4644897153982197,-1.0316918435379911,-0.9974376767303299,-1.6250259611432258,0
1.3724759205113768,1.4506481502473265,1.23271520874774,0.5322905845522596,1.2952519539927114,1
-0.18419725121133843,-0.2935614193920673,0.1626721700372753,-0.9987957491517503,-0.8768969500645627,0
0.579239433488253,0.14517415834201108,1.266197232953303,-2.417674598605865,-1.575157279588384,0
-0.03058477109805185,-1.2092121428817146,-1.6364394675169103,0.8727924394211546,-0.17139057481855977,1
0.6838239817649585,-1.6448685028315186,-1.1367069965927967,-1.1679795618780797,-1.8580799300708324,0
-0.8661964712766733,2.116829987622756,2.3779335441224534,-0.475388933244421,1.0261925597783765,1
0.9614182688930161,2.7110558933282833,3.4009877263535913,-1.3775425298735695,0.7839071114838607,1
-0.04774668710206385,-1.200458467033021,-1.038029164450361,-0.40174839410443663,-1.0451355940056302,0
1.532579919864274,-0.6463697241615541,-0.6482977170488856,-0.023052841569389804,-0.42940035940415167,0
0.21793464258378833,0.5636421124618074,0.5243406642787014,0.10871190370375361,0.4355766915506562,0
-0.24803990613496238,-2.5096640348372588,-1.6606565744613486,-1.9413502962540023,-2.9448789880945876,0
-0.1921806424379579,1.0819955721025973,1.543698579491896,-0.9526907016155343,0.034883350372700885,0
-0.33497529794150105,1.9195174495377132,2.067224034354693,-0.23852053697380793,1.0633906184737303,1
-0.8287718711507668,-1.0497464773739529,-1.543144246799032,1.0225767871985547,0.03396359302278018,1
-0.09496267717634589,-0.21048155156549722,0.3109338787103977,-1.1362279836184568,-0.9185678408435156,0
-0.8192374183393772,-1.9870175614644885,-2.244464119283952,0.4729490136118891,-0.9448323592119092,1
-0.36884953120961694,-2.6730154832325814,-1.76765207823712,-2.0700781455480985,-3.1381914422108066,0
0.26480742622246,0.7811680310890964,1.1874344912626162,-0.8454992666365514,-0.08360730912535759,0
-1.3338972744340432,0.2631793282763049,0.18280996760795598,0.1848519607910175,0.2958960736360403,0
-0.24986443655097498,0.8060172503195436,1.1204136813160517,-0.645818560503421,0.07005508804357266,0
-1.4904079313722147,-2.56286646362307,-1.8151931285310934,-1.724494150120387,-2.829297909420079,0
1.1384358123071143,1.4204795464803257,1.0691570260671066,0.8194245809799752,1.4740550763125586,1
-0.21501958288027584,-1.4123245569729461,-0.9813486279159963,-0.9913015161354252,-1.5874213517822724,0
0.6542682249351222,-0.34380533553824666,0.1995869408525538,-1.1893594386926283,-1.0405147269161326,0
0.811856972987534,-0.5832271012028666,-0.4414652268417836,-0.3310686394932981,-0.6015163466178782,0
-1.971831324615602,1.7480595636068885,1.6045577586738156,0.38388666479986355,1.3831234883650378,1
-0.4755786729674118,0.28433240676074495,1.1620329434942815,-1.8857210687057564,-1.119123895938953,0
0.04785071079350823,-0.18338876870258183,-0.2529588349473867,0.14269567517472104,-0.018867287182827493,0
0.016910302547563844,0.4081002031045446,1.336123856437814,-1.989313387632971,-1.1114187157530706,0
0.8246116058310824,0.7004276848565791,-0.5376442746167744,2.706360467081387,2.315278760153358,1
0.40363419331694544,1.0587246174468377,1.4056205829191708,-0.7054439252475881,0.19057961541038762,0
-0.5209554095236624,-0.09851112699080608,0.6683108944239837,-1.6621113867742416,-1.2097612789827341,0
-1.2250753380374122,-0.5448462101450007,-0.4734291606135723,-0.17735817174236135,-0.47091375262639024,0
1.4594880814419544,0.11662622756930191,0.5099897422680335,-0.8455882273000447,-0.50878921938607,0
0.6269573595585592,0.04186219023030541,0.22436502080615606,-0.3928303648503033,-0.24424567900818284,0
-1.9765127484637608,1.1730286186529704,1.4716966801647335,-0.5963554884520921,0.33896561292638944,0
0.5782769662316758,0.9677882859879211,1.4478800357739525,-0.9972591615851902,-0.06892646030385646,0
-0.9817752751209974,1.247468420338373,0.6919154070855142,1.253709556216306,1.6630029980572056,1
-0.8625591214298522,-1.6807086750098068,-1.1796207804506529,-1.1541949345155238,-1.8714971586268274,0
1.6342898962350896,1.640209700401956,1.6213047943230268,0.1099509655008084,1.1251331343907367,0
0.2841046479037958,0.3538944493080031,0.35822046817746134,0.005550630808724311,0.23022282867222194,0
-0.0690858443661132,-3.791755242220174,-2.538066428919728,-2.870315050250988,-4.405979441347729,0
0.8485494039118551,0.1442423268282784,0.0793475415861633,0.146385096387585,0.19327024895860578,0
-0.7196540515586558,-0.6209706390297652,-0.06100571249227227,-1.2368641458710419,-1.2505978111869258,0
0.3447672239285864,0.31012956905447986,-0.6434123966379625,2.0747348203315688,1.6298193780779713,1
-0.10194209014102977,1.5960952001143378,1.7435306305728346,-0.2515549641795334,0.8474981573864246,0
0.43543519781299445,-0.7473600340379934,-0.517817957788304,-0.5277724742700889,-0.8422274547272497,0
0.3058553796555951,-1.3696185774131058,-0.6745250566521954,-1.5605574051880442,-1.952848637071214,0
0.38422454251466037,-0.84215088768285,-0.6954352660337293,-0.3526836343187988,-0.7820678629418054,0
-1.5053106803543375,-1.7163794060219233,-1.1428312420464042,-1.3123651148221291,-2.00344290248921,0
-1.5909501148503615,-1.1215262782530315,-1.1403484647467348,-0.006536413474369729,-0.7219722119665272,1
1.3127819632333086,0.322380978902634,0.765098254284573,-0.9436318588198658,-0.44480715264636733,0
1.222703294109045,0.6283362302053273,1.1811738879078675,-1.1688404596640116,-0.4044598677446217,0
1.4697082194398743,0.014661478637237905,0.5346272047137558,-1.1236118092936498,-0.7658351053683151,0
-0.44061682372633787,1.45705467345483,1.5376623658587985,-0.11292084236110156,0.8541991270899093,0
-0.013079602235711302,-0.7051102056280646,0.15596359294030837,-1.8914417002055506,-1.7560367417177458,0
0.7961765075767501,-0.7397508085188175,-1.4383919229685096,1.4793931568991956,0.5474456153565042,1
-0.4854347243835485,-3.6191577672710036,-2.4545020931413273,-2.670545734259546,-4.157738428487936,0
-0.2220128037001228,0.5038116703431931,0.27473561519048917,0.5165080152782229,0.6786530534161628,0
1.896484631363506,1.4060561483350138,2.3357739756524527,-1.9509481996683624,-0.44653723912987137,0
0.19688500546099025,-2.8754203845955617,-1.8497434164195723,-2.338734868706623,-3.453028396006244,0
0.11433664391045184,1.3349417536592965,0.9811104548936928,0.8212465027476488,1.4205918585254964,1
-1.234376328424851,-1.631598588727857,-1.6333544299987275,-0.06491726105759366,-1.0885542982829328,1
0.1117725774091269,0.14630277701053468,-0.009459955441929346,0.3429394465299358,0.3301972507539559,0
-0.8054445644644022,1.2602655978375148,1.8052246529000382,-1.1251927087086195,0.029911771386654993,0
-2.005582138200189,-0.9224611263855108,-0.7731065528770334,-0.3617715779215167,-0.8397139626252119,0
-1.8212272040769932,0.7639187405292598,1.2697974406180261,-1.0615995103703844,-0.24373622559207966,0
2.058497181592743,-0.5320558242367193,0.05892725275447419,-1.3001845836438723,-1.2374039632005587,0
0.6839553693926524,-1.681815698814117,-1.182420817735549,-1.150581054559586,-1.8697120167225643,0
-0.7958482315143038,2.364630027325664,3.0067127357362033,-1.2886763679611706,0.6236031322758177,1
0.06053550076009835,-0.11829183194319487,-0.17461244641563045,0.11679025654254693,0.004903565587766534,0
-1.0593855440701563,0.10546127538118204,0.3838401308345547,-0.5974475850145755,-0.34473179957707356,0
1.884693264037284,1.3041863618300338,1.5326524635613596,-0.4390466817901211,0.5314019986351235,0
-0.0829607060509845,-0.6590276618880129,-0.4503973494791903,-0.4788386378986609,-0.7519585307773056,0
0.11765326305728128,1.6781122490593434,1.7978995798169835,-0.1883223140406407,0.9435922355605817,0
1.3299972063542986,2.6381722940485886,2.834612125598153,-0.3136221223015031,1.4713134410690385,0
1.1464879192111015,-1.0330673256767724,-1.4707944369068473,0.902912470216841,-0.03792651627813869,1
2.059080344984045,-1.3196004005516742,-1.0249196722901792,-0.6927096706791638,-1.3220961780426774,0
-1.002219042829235,-2.785152747648144,-1.7689932842855136,-2.31435530665956,-3.3784621939013544,0
1.1910221641213754,-1.4965629483258882,-0.9706191827302306,-1.2001811916792986,-1.7854228287317555,0
0.3233148963031658,-1.0493058670424966,-0.8265503171514924,-0.5258154093283897,-1.034037936031632,0
-0.39327274236893756,-2.4636679290590195,-1.6923694241540004,-1.7713969713011277,-2.7981983439271345,0
-1.985430122127166,0.44717028797360003,1.3951419167496235,-2.0307979329686967,-1.1150462734776305,0
-0.04856530039246026,-0.30382886412911636,-0.9363657891263948,1.3548263832264507,0.7403710557630957,1
-0.5553143853488965,-2.106536210961564,-1.5020921414737733,-1.395597001657293,-2.3104581647464393,0
-0.05414058910231834,-0.3951084234796002,0.8941327099068391,-2.8041361553435857,-2.187418445076196,0
-1.7956727458306565,-1.7892186097907254,-1.9052457571201897,0.17551317456139115,-1.0235065910021932,1
0.33864996800825325,-0.8466483961402506,-0.70913511387535,-0.3329764644413139,-0.7713484254639724,0
0.8166343699208256,-2.3030594123025034,-1.7116030142120646,-1.3757925069309427,-2.4225142130631343,0
0.7517963393300516,1.026691067770516,1.6122188387383454,-1.2227440402633625,-0.1868141383908804,0
0.19055942618459945,0.1674336384644579,0.881399758794511,-1.5366304142100033,-0.953057971189031,0
-1.214803339265815,-1.2536912086923944,-1.4404764572685065,0.3510541648507598,-0.559807994180615,1
-1.8646025876156949,-2.3470040306063784,-1.6442180774841546,-1.6183512684857897,-2.6179752037689386,0
-1.0481362880265113,0.7185359735535203,1.035475297162933,-0.6550008154314675,0.007756465214129074,0
1.101384945797031,-1.3171383247084871,-0.26802952055412743,-2.323771422822527,-2.445840804502264,0
-0.9616308695844252,-0.7578791788778174,-0.645170653212864,-0.27560710587514947,-0.6749801168653816,0
-0.6683762044752294,-0.005567376840437441,0.2766433607034574,-0.6104084731014574,-0.4247011393795785,0
0.8818322953882677,-1.7068757176426885,-1.1220824977456165,-1.3362780551196582,-2.0138614780283617,0
0.09235665177878294,1.3713399747163282,0.858914948033535,1.1656783549643062,1.6815106479658006,1
2.3403210624887874,-3.2028462232118544,-2.1361867316555787,-2.441133382971881,-3.7331370642722574,0
-0.333059094793847,0.6460945087338325,1.445069619491873,-1.7002717522841628,-0.7597503383942044,0
-1.8677256558749296,-4.694608184363442,-3.1072780906665662,-3.6297111625015432,-5.507483055667647,0
-0.4628168540267387,-0.9654509966402678,-0.5873070587429621,-0.8582525533661503,-1.2097529267011335,0
-1.3932461678892067,0.22490849512408606,-0.5864917435834172,1.7638180596848667,1.360790736552535,1
0.5186575760549174,0.6169090201307583,0.9150348216822776,-0.6186036342009247,-0.03214477194256752,0
1.5955293011303537,-0.6816327869284768,-1.0872919662257534,0.8483781067637092,0.149268173545446,1
-0.27187303435806787,1.29525654446419,0.7512329102613667,1.2307941962068827,1.67776399449152,1
-2.0067580582724682,-1.4355308046345931,-1.0420092693059217,-0.9112978668732495,-1.5470698692466334,0
-1.0505049184349995,0.6688546382060495,1.117813922335024,-0.9425363528707738,-0.22240527774738153,0
-0.041615754658544474,-1.8432392390114316,-1.3097370335369816,-1.2311234830654012,-2.028546546124902,0
-1.6185963047264034,-0.12073912044814647,-0.614162035741481,1.0617556338894023,0.6552986623721967,1
1.8796071499949067,1.5992225074923778,1.7727860414114076,-0.3079154037338858,0.8106139571833237,0
0.5407870369926601,0.07336166189964695,0.7974178185369722,-1.5624080761534702,-1.0310224766972564,0
-0.6177383522604104,0.5869016496913325,1.4193691503018573,-1.7751792455816489,-0.8492981642683779,0
-0.8821021159977499,-0.8006118870204966,0.05051385596217706,-1.8739547764677462,-1.8050662894415639,0
0.0902468432612837,1.3431149511093599,0.7621262205512005,1.3127327618451763,1.7649119000632234,0
1.0168048504824432,-2.753756759536905,-2.7898174696617604,-0.03800484012751815,-1.7878533648605672,1
-1.3032630043216322,-2.156640420544023,-1.4951696643321475,-1.521005750917484,-2.4290341714481722,0
-0.7297594911031596,-1.9248942925645092,-1.4405552069654792,-1.1282656704765401,-2.0098181304461273,0
-0.13022879736152643,-3.521049602264986,-2.3226570063354326,-2.739357315666121,-4.142451921433933,0
0.14776571179383222,0.13525900534213126,0.048149494525484116,0.19403771420459326,0.220400447109248,0
-1.9784838723367135,1.0272681031311803,-0.09411361438294552,2.467826592864631,2.359793183478061,1
-1.0444449494331205,-0.03229112342995747,0.7281319311326446,-1.6454872326746437,-1.1559295179721991,0
-0.6224082356206169,0.841097540246034,1.3059062042512481,-0.9695507574626459,-0.1308561556084518,0
-1.729425054662884,-0.5601158841415881,0.012339378579241167,-1.2613069205335208,-1.2285316429945472,0
0.8825736951407746,1.5528825665222614,1.9046574621617531,-0.6951816593952843,0.5137824806278272,0
1.4636847899873437,-3.027145997042582,-1.9955428930941044,-2.357937711755535,-3.5633389027758704,0
-1.8506758073365277,1.7763755724075543,1.523527986987864,0.6214980763540257,1.565173219585189,0
-0.5939978760480974,1.4902169758650234,1.359189609362342,0.3460565531022852,1.192076328439856,0
-0.5104312938539511,-1.4906955128266894,-1.1460502379009527,-0.8079446575352551,-1.5110532663196046,0
-1.454786601999982,-0.6936030046095745,-1.1072013458102883,0.8650394251996951,0.15310574457130796,1
1.3039281937341585,-2.296300749888687,-1.5572367702811702,-1.694653450589548,-2.638182534453717,0
0.3270501026686757,1.671493616443209,1.9743509878036334,-0.584420791162318,0.6660776442653378,0
0.8608960208073789,-0.126647199009518,-0.22771354068673622,0.21318409154148354,0.06606354333788868,0
0.09370382213229206,-1.0693797056526302,-0.721322650324336,-0.7975779296340828,-1.234376888208537,0
-0.5320931709814484,-3.5081331826928794,-2.44964924931301,-2.436313771106023,-3.925109971098369,0
0.4433105571841691,0.44984287352995617,0.4832632901345203,-0.05331420372828921,0.2509902734071954,0
0.6671518285427337,-1.1543043845870948,-0.7351266946720788,-0.9549259508566675,-1.3972641237564432,0
-0.45790508063155283,-1.9548111840852922,-1.271876902789532,-1.5589126143874072,-2.3260731284584697,0
1.0042276266891608,-1.6781772368097363,-1.0731450915465812,-1.3788284623092864,-2.024859326834579,0
-1.7478062176713418,-1.9668994522893821,-1.308353387985579,-1.506691405850109,-2.29777721488411,0
0.07800022197311572,-1.6679640474126542,-1.0966167560889881,-1.3055675818439034,-1.9677808130785392,0
0.5210116616488364,-1.3151827417235693,-0.7762790678112019,-1.2205633955999449,-1.6834526329545416,0
-0.39143375139940506,-1.0729481868503834,-0.809078304614123,-0.6157052857141511,-1.1111801857829913,0
-0.4523940114303214,-0.15592554942476933,-0.05516786910292959,-0.22441707662503774,-0.25458090048827947,0
0.2832589605953722,1.015120153880916,0.06165220903440605,2.1042649508797693,2.1011895421957276,1
-0.1313501909277507,1.8475431829054811,1.0101653015309497,1.888320984583058,2.4847206321342856,0
1.1233469225484698,-0.1773763684701227,-0.18487654354178917,0.00874621404835696,-0.10743688861524,0
-1.0921058119279576,-0.6767447273027806,0.12813632564392996,-1.768751544308516,-1.6532430724720575,0
-0.050111438332545964,-1.2198664839334268,-1.3121870166152483,0.14823444087727666,-0.6781012140013858,1
0.11801769700304508,-0.022054966670561397,-0.09747890055067954,0.16214690771423212,0.09776114002266542,0
-0.6714518524479316,0.9765967808124105,-0.11500222027658613,2.401298744012248,2.2814781275796245,1
0.6140750418048795,0.9508651649449392,0.6745541016326322,0.6374631965110709,1.048092714189063,0
-0.9968227752433815,-0.33730240790459376,-0.18878690607512416,-0.3353138631275092,-0.44712236729972354,0
-2.0023115197339276,1.33409495086217,0.8943796946312919,1.0069024227991936,1.5481398710027545,0
1.184581850051367,0.9427802068144508,1.0786281540714657,-0.25401530553364193,0.42786217117388164,0
0.6877692982591649,0.1460321668534254,0.37106474148181245,-0.48039781068374776,-0.23802155887822093,0
0.5683758475845019,-0.5686978511001171,-1.1177875364328744,1.1632485141872642,0.4387536630942682,1
-1.1415842057878436,-1.2592182987558276,-0.9322112518821701,-0.7600601621695874,-1.3299357288195814,0
0.9112880621470278,-2.13454592700177,-1.4226259604735736,-1.6291525980220036,-2.4895137227973296,0
-0.25838952916874885,1.7100942269144581,2.274067175999411,-1.1473588548155442,0.3023829352271572,0
0.24162598443645977,0.2954898516841597,1.126168911774837,-1.7835850180045354,-1.0415194552661808,0
0.010965317073341425,-2.742869963464683,-1.8360373579561031,-2.0761966074192104,-3.1871000496583703,0
-0.009628627710742115,0.8265707882032183,0.4331914480730883,0.8853445093715655,1.1396000845394878,0
0.0061808382313300785,-2.110013283636251,-1.4476235285524715,-1.52102907005992,-2.399221958472473,0
0.4860366279859901,-0.7708557265876029,0.2390331795427606,-2.2159669239918585,-2.0219953841025258,0
0.8154902727135849,-0.7365573563314696,-0.7223326290044094,-0.06177517858993764,-0.513810902427803,0
2.3260736498966876,0.18300943814706283,0.8542688397066518,-1.4436373200192545,-0.8789350284826294,0
-0.30563633320682015,0.10388556587669479,-0.09635278313782347,0.43731477927847484,0.3681745664732865,0
0.6265835364896332,-0.8844364028277697,-0.6404992008486644,-0.564669363318964,-0.9553742171331575,0
-0.45999709224149266,-1.1303260464238707,-0.7227278214287287,-0.9288799060270786,-1.363954739285001,0
-0.07416772261771616,-2.674020730187095,-1.9055151642979282,-1.7742171540670264,-2.9347109215285836,0
-0.5314090545236253,-2.0662531646416618,-1.438469144135386,-1.4443643285597545,-2.318334382023785,0
0.39385672080052575,-0.884584174143263,-0.6001106395825162,-0.6523200777240898,-1.0159416728758046,0
-0.4659048149760412,-0.4403539990934202,-0.38506284452536954,-0.13809140710780887,-0.3769766702531002,0
0.2701299779158442,-2.188004695759665,-2.3288939347360667,0.21247345671964024,-1.2531179011629363,1
-0.04054157641311753,0.40580874059772226,0.5304648191533394,-0.2524312894849151,0.08544376657758841,0
0.6316949071510333,0.7509875085139958,1.4092832336552046,-1.3916882828456476,-0.4797469862378412,0
-0.3957454644793785,0.0940398397849619,0.9571434326993522,-1.86217473218901,-1.2246124725072771,0
0.45186956238381704,-2.766879436387671,-1.7871970532558796,-2.23471784642031,-3.3118280623002487,0
0.9539586052588408,0.9472566714873109,1.3590266047168016,-0.8504037421615686,0.01925913017580074,1
-0.21134050417157618,0.7823644391534422,-0.20396921160891457,2.1655222724270216,1.9945544186173716,1
-0.04668660378002169,-0.6238307943730976,0.4784623826993337,-2.409564369362366,-2.0615094589548875,0
-0.4844342674751744,-1.6003809214970077,-1.0871419345811033,-1.17708413131708,-1.8359018669744416,0
0.12516601865081967,-1.3917671516063816,-0.9968999712757864,-0.9123642405122798,-1.5198091189120733,0
-0.42286958546161246,-2.1193987829226266,-1.4374726969496716,-1.5636642618635666,-2.4346413780152294,0
-0.262294469498631,-1.6650176955276375,-1.068446554294969,-1.3599805358310486,-2.0034371439025773,0
-0.06117014118436475,-1.1084302782612525,0.05888961529962511,-2.5705686146405524,-2.4825991125448574,0
-0.034966718078638846,-0.20053811780229105,0.8381525384150648,-2.254221300808912,-1.683544802325771,0
-1.203796894907577,-2.1839424596357575,-1.4851184548912935,-1.602917832196328,-2.5030134898030614,0
1.3098875551738034,-1.1313412329110721,-0.9978740115290865,-0.33621802227612474,-0.9557085136195568,0
0.04415408812359367,1.1752705657515568,1.3988629139330695,-0.433938228913645,0.45245649321631554,0
0.7405576239290724,0.01128090913394805,-0.04048729517722871,0.11240425400084297,0.08476777241829742,0
0.6243548828961971,0.3347914282624203,1.013753460701935,-1.4538991570779796,-0.7889170447773276,0
-1.0090400077093742,0.42964517692910337,0.8463044753205841,-0.8827739821975562,-0.33420040320574634,0
0.8493004975495074,-0.6619789491074476,0.06971278734775199,-1.6098854724661944,-1.534190523366724,0
-1.0947918505476832,-2.498811018588987,-1.7028666783548294,-1.8261642968205476,-2.8584657354924228,0
0.015980639257921196,-1.2967370138076972,-0.6571200996143638,-1.4375408662097926,-1.821351966004819,0
1.5153079422129807,0.02311348545978914,0.6210516920942757,-1.2918418644052694,-0.8764952782880514,0
1.1159675463366727,-2.1452484698125724,-1.3249002649662311,-1.8640383931067066,-2.6584152848763623,0
0.9337569791290757,1.2900548478973803,0.43018012087121815,1.9134836853048514,2.1454448405378184,1
-2.4130885113840677,-1.084582455022906,-0.7557359046401689,-0.7566827296779978,-1.215887531471907,0
-0.36906423676055056,-2.3067328038572925,-1.529902112414953,-1.7767490225967815,-2.7014963856044014,0
0.3798703240738729,-2.7219025967676838,-1.8014009088371918,-2.1048678038347335,-3.1934679507070727,0
1.3669308209692639,0.5918029798432491,1.12095663390268,-1.1191713290918914,-0.3935626497517159,0
1.2162621823382564,0.13481192925309057,0.07708996614417685,0.13047942637089105,0.1762636262227835,0
-0.9870081705375446,0.615175991213179,-0.5447055916069559,2.5337130299460706,2.141626789267209,1
-1.3072757324035915,-0.11659706713654643,0.8473529625056364,-2.089087840544977,-1.5159153994025771,0
-0.22319491746995257,-2.820693518155853,-2.0101668507345356,-1.8712489158312309,-3.0954856011561374,0
1.4748755628385215,1.7610822182667263,1.684745463585453,0.23921608064396205,1.2916416528238999,1
-1.0647427777524714,-1.5925560116101045,-1.1745435930616788,-0.9708631449723196,-1.6886179167019137,0
0.8122530650047968,-2.0723960304328144,-1.4518652725049197,-1.4289405933100745,-2.311622785454643,0
-0.9695109372383494,0.6546144581592781,1.6899693369334243,-2.2109948063013682,-1.1066635001856184,0
-0.2320077144435898,2.0120862647098554,1.7136231263454238,0.7300512475756378,1.7908561821297069,0
-1.3901922188696492,-1.666886666740191,-1.5945672737853378,-0.22656307693799405,-1.2226531993273955,1
-0.3598817619916777,1.8607439095687044,1.9290349404674716,-0.06928963665486898,1.1425496253795608,0
-1.0060030582201647,0.03815749070797238,-0.1961850175419878,0.5082840370254853,0.3750908904958803,0
-1.36663447095088,0.2629856420552729,-0.08320061908330689,0.7595723372183376,0.6922894315854132,0
0.6675971319425453,-1.1112804624838653,-0.6750636530408765,-0.989954682190086,-1.393908268987346,0
-0.6049170235117015,-0.07861662043378105,0.6405433626759058,-1.558222408613581,-1.1253581686360525,0
-0.457932480291448,-1.6905898350674435,-1.1666936078271761,-1.2039254673433026,-1.9121289561522814,0
-1.9012807864161088,1.9622025209019713,1.9640867003516078,0.07856292566465983,1.3094627353308699,0
-0.042580759618644555,-2.5582606350399315,-1.624503074125071,-2.126636952890888,-3.103802157067851,0
0.7285999402623018,-0.16473088795245455,0.38260830618477704,-1.1903515639920006,-0.9266417592097407,0
0.375318059002139,2.634501047743283,2.9720815527276985,-0.6189400706994307,1.2583166297474666,0
-1.2455870029159195,-1.6936854619987622,-0.9930708066545395,-1.5861426153277676,-2.1778126551574895,0
-0.6291466716207073,0.9731901272150818,1.0141423223499815,-0.047558432714585264,0.5897569446420383,0
-1.2804310984028737,0.7652850760330622,-0.20225533620656144,2.1241697153238865,1.955098011354119,1
1.2347829651883355,-3.1413590463098044,-2.1014801189270713,-2.3806410511984133,-3.652066981155844,0
-1.9131488377227988,-0.7360422712450743,-0.5310521965737558,-0.4742114152956334,-0.7980338362280778,0
1.1928164556041172,0.8238408049268552,0.724368062358099,0.24976765635563858,0.6993496425941594,0
0.32012749406980584,2.13143525956567,2.159657765827754,0.02874336865925109,1.3833522204215811,1
-0.622570491686787,-0.9193351969756902,-0.6326375402765558,-0.6585924152287106,-1.0425000679574512,0
2.0573848618847617,1.0550134539342988,0.16594480468032957,1.9667059033047294,2.0318038576994786,1
-0.1830577518788203,1.3003287363210352,1.2091538323740512,0.2518936653575006,1.00563519423552,0
-0.45150685135523466,0.6485188651235086,-0.4176810331085521,2.3325660222803113,2.0241793783535944,1
-2.0518586804955605,0.9973831476953409,0.11251713264263152,1.9551922369985117,1.9869929786324068,1
1.2735467083579566,-3.228375940474637,-2.0780074292887316,-2.623197650584242,-3.8750806667720785,0
0.6089491840986391,-0.4016087689260433,-0.5640154133557911,0.3342294922831418,-0.026321865879406967,1
0.013716850211263157,1.3003187285417328,1.9019542954524327,-1.246047425515163,-0.027846834753266336,0
-0.17567486703323718,-0.3470113483705292,-0.2817009876024491,-0.1558230931722847,-0.3294971662018442,0
-2.0018574849187396,-1.6814914393024054,-1.2303303307875457,-1.0462801041680716,-1.797544148116218,0
-0.214303058151402,-0.17840155957564674,0.8711843883703474,-2.27684598404697,-1.6849930730334681,0
0.7654224378898455,2.509958426543518,3.1510345979760204,-1.2803797110924373,0.7222967019741888,1
-1.3232153069520962,1.7678643412038697,2.2042960429848195,-0.8691661880386673,0.5312732962359411,0
-1.4526652363621089,-1.9711271398492602,-1.2825140571751432,-1.5718780098014684,-2.3454559930605114,0
1.5846510994907115,0.6037762966914951,0.819972033253772,-0.4420139242679211,0.08128863694961967,0
0.27451197412382955,-1.2735092300458317,-0.8647684396760578,-0.9373803286511603,-1.461416556404607,0
0.1453981296569596,1.184439722870893,0.547761081934637,1.4264586415138938,1.7418672005783857,1
-0.7861826886650138,1.9967160171746372,1.947958597328007,0.18950974606378934,1.4080873249207368,1
-0.894207672964327,0.5351494992778963,1.2529330712806712,-1.5293981203154146,-0.7128330811657834,0
0.4480925073932302,0.404095940731673,1.5322872683015658,-2.4222689299980242,-1.4126896655293173,0
0.6703123891778313,0.6560443267648208,0.9743743098347816,-0.6606393815277659,-0.03611089721977467,0
1.2861497282051009,-1.856494890240854,-1.279836053773118,-1.32499163092442,-2.1017889704204475,0
0.11854718272366227,2.793095284575031,3.616179197836716,-1.6619785242209901,0.6401481923120925,1
0.4656190738467773,0.5441256273972092,-0.2570633774606258,1.7551837281617642,1.5590431579833812,1
-1.8867159758361538,-0.3176396440942368,0.543175965653548,-1.874565419827856,-1.4965206961091486,0
0.09905803377575548,-0.5490714955755007,0.2780690083231443,-1.8115023234341745,-1.6010630585864347,0
-0.11032162877133204,0.7411931218802021,1.3239179832260672,-1.2287073492175618,-0.37356709057487086,0
1.2485072657679357,0.16057201813260488,-0.010909169901908378,0.37752560192609597,0.363187618768451,0
0.5037931107156983,1.2884768713010537,0.7593075914346837,1.1983917507906732,1.6510714598863898,1
-0.5380604383650939,-1.5117491764292272,-1.1093029720096375,-0.9338039711193715,-1.6113559224438425,0
-2.2954141173523714,-0.31436041175358126,-0.24644601701366653,-0.16007826119968316,-0.31154548763639045,0
-0.05047245735467244,0.745906911310062,-0.25342851403342315,2.1920983109450765,1.989567443381568,1
-0.7191089116464928,-2.1935494282401216,-1.514889933886245,-1.5597242939134834,-2.4793587071538306,0
-0.9658080114437593,-1.4326759628844554,-1.8032118724549147,0.7408076727428132,-0.4054051492905962,1
0.4819714987722587,-2.082220222244746,-1.3930973269085463,-1.5776588923607384,-2.4205128434894143,0
3.1230995707763745,0.7964390577711831,-0.07951555119564757,1.9274620748593057,1.8393131787928256,1
-0.41978065932493536,0.18996283398587824,-0.05763844490768455,0.5433442880858323,0.4963929161263094,0
-0.2818858581195745,2.0755968167995325,2.3612772734108276,-0.5302636918264574,0.9619551013995766,0
-0.07265674245590742,-3.218814130749853,-2.238686225668685,-2.2547140245523667,-3.614735601920685,0
-0.23969363946401093,1.23772404582429,0.7060042986447903,1.201768753112957,1.620933771510441,1
-1.9056752691806393,-0.4373556226549595,0.08149546162668109,-1.140238193785366,-1.0664704380632244,0
0.0970194778568081,0.3970808397970229,1.114505332481994,-1.5344364095976064,-0.8046344037802166,0
-0.9043843196356466,-0.38529898487367586,-0.2707005340350559,-0.2640024068837672,-0.42862675995711624,0
-0.8684096943337539,0.7506188861044043,-0.1657600242846804,2.012934657308866,1.8689712721332756,1
-0.5443982572547929,-1.8068674365111401,-1.1458031367935027,-1.5053965041881114,-2.1945081771477897,0
0.7021608904204113,1.3337682434923452,0.8135920532307233,1.180855008738153,1.6679461086773275,1
-0.37922165399151675,0.20445729965666112,0.017076571008355357,0.413750543520895,0.416254602507503,1
1.0348488073451263,0.6308656922334974,1.4002769499588974,-1.6369924498207347,-0.7258341765875818,0
-0.4893859716898041,-0.014090792794495521,0.8052476831717698,-1.772103059786679,-1.2316425596519183,1
-0.6210051964036067,-3.438831873325839,-2.1903228760619293,-2.8442525422735265,-4.162226057131639,0
-1.028833352969544,0.4430356648222434,0.9329522193034512,-1.0406011667871402,-0.43452407181538094,0
-0.02925893712903969,1.088707502688688,0.619400638480121,1.0605487692058624,1.4281729319160785,0
1.0455754325153142,0.4264489291503347,0.47222198753681355,-0.08100733983422281,0.21691835826919323,0
-1.3158067384430607,1.1640807501998254,0.23937738086251192,2.048345801780715,2.157902240756008,1
1.0052054892645907,-1.5649212767275635,-1.1270199156574316,-1.0127016454981517,-1.699805098527458,0
-0.33371096761517977,0.11090696115920624,0.772620756265064,-1.426035099646232,-0.9129160957161446,0
0.4667558583914769,-1.0056479575303905,-0.7514616449653199,-0.5919339270992151,-1.0517263067891527,0
1.2971814490016034,0.8638254534808307,-0.12072766544323166,2.165103217771632,2.046377521745508,1
0.3503714560063648,-0.2950541399954598,0.5210828065836445,-1.7770135328593852,-1.4147682555250396,0
-1.4557133733751564,-0.8728475170649528,-0.1681686731769163,-1.5603608851674595,-1.6349187805111078,0
-2.3125368371381954,0.04865041386174809,0.5905163776126682,-1.1695313724639134,-0.7757730302045208,0
1.1772638452066861,-0.7266495184171151,-0.39523053173486633,-0.7471705616526289,-0.9803480162506295,0
-0.6625170351277674,-0.6812432694846773,-0.3594341900369611,-0.7244805194775767,-0.9356461829489451,0
0.234957042721793,0.3834967871541857,0.3511048427327462,0.0861860234056504,0.30479286684519935,0
-1.0344635596945944,-0.2855812519140427,-0.20776903088702758,-0.18026655419329107,-0.30706341417023003,0
-1.619472030973283,0.9221056893156087,1.0140749667134534,-0.16001496636371781,0.47948999838829093,0
2.4375520507838986,0.4272859679401271,0.7016957758370916,-0.5753126044851152,-0.12358257558917346,0
-1.8199164480019532,-0.7371097205424157,-1.0544238673135617,0.6550290087585989,-0.019619007030332782,1
0.26235440749010874,0.11988698670029356,-0.39359876834256813,1.11526773429495,0.846151585491115,0
0.0838394252190123,0.3302641295820484,1.5616634680958859,-2.6485266011609996,-1.6160234609509743,0
-0.8794234644152619,-1.2219192121976816,-0.8560850083823126,-0.8424383829967884,-1.3629100335669901,0
-0.059975020161667746,0.12057998095654093,0.04117799069090933,0.17675491889382666,0.19908605291398324,0
-1.88420751815089,-0.9053854504592357,-0.5646278788823629,-0.7748890558012667,-1.11381276820326,0
0.65374066269698,0.4978427059637756,-0.29864397106428775,1.7430675503032078,1.5210757341302954,1
0.1695061584758805,-1.9087612693386384,-1.187442100103147,-1.639966060883601,-2.352535352805438,0
1.2267921586552113,1.319444681646985,2.0341658150840285,-1.4897467260620618,-0.18374722658427606,0
-0.5738236372256625,-0.7252052562699156,-0.5425520645899913,-0.4254599590076348,-0.757466054424749,0
0.6514310726773944,0.22231606455585243,0.02935312359658604,0.42657207589987056,0.4365251770913233,0
0.4388393056148293,-2.512948034621067,-1.7187338506586582,-1.8230188583970428,-2.86533932951474,0
1.019907145542502,0.6945812572373758,-0.6416976942196282,2.9184497339328312,2.4578655926582575,1
1.026966249314421,-1.8225578670442926,-1.2134429518735428,-1.3937363950553026,-2.1275079125247407,0
0.5814682309908323,0.8855825950304212,1.2790880199035355,-0.8135110087143071,0.005258435229321447,0
-1.2407896035955994,1.0126651472050834,1.7262776796230008,-1.5002695955295202,-0.38726021284980483,0
-0.24341677294231417,0.2761306698399831,-0.24855657878919335,1.1460668191399541,0.9673529952814762,1
0.2540970098009645,0.7837630693451813,0.9379760450300618,-0.30041962775064346,0.2941199946095385,0
-1.6377302303178074,0.846789443396823,1.2798476783793926,-0.9006627501380908,-0.0796869777410335,0
-0.34942600512116495,-0.4301390427913555,-0.24980659802080873,-0.4080157194989448,-0.5566710451661017,0
0.4517677013191253,-1.098773465059261,-0.6363527815161254,-1.0460839281850653,-1.4246325884298843,0
0.1789143513421415,1.7928169442450463,1.7096758941958123,0.25526428166957904,1.3230151320518386,1
-0.36571628202207945,1.6672508296701969,1.4434136793175556,0.554178270054517,1.4489179588824181,1
0.21263080163446135,0.15348200588167063,1.0704124391812404,-1.9760515566952581,-1.2651532667741774,0
0.07124170117904621,0.37245758234514464,1.2220442711445747,-1.8212241747560454,-1.0182500876743383,0
-0.49652040210895443,-2.796242442017418,-1.8995064126997345,-2.0566143228838514,-3.207733059330872,0
-0.402202046624632,-1.1835325518655797,-0.9932203663119751,-0.46132176234539357,-1.075409250239684,0
-0.6157334836826752,0.8899969901419255,1.445654946766885,-1.1639186344794716,-0.23367458649770306,0
-0.26980726865569254,-0.32264197856615334,0.29136389419342834,-1.3411433599839737,-1.1316965042550333,0
1.6184747219010913,-0.6759399882037046,-0.6973598187639729,0.01784555645725594,-0.4200999794851042,0
0.9380468235135816,0.7154619580103153,-0.4324306060035843,2.512014781744434,2.1908114167133363,1
-0.8494053450583816,-2.1351093548337143,-1.4473134036973498,-1.5770172651588747,-2.453904389192533,0
-1.924870547300737,-1.360729785565507,-0.34081201497561153,-2.262492673900477,-2.4314490305987784,0
-0.9594796383335571,0.4621410224402052,0.8934903845923728,-0.9131671510790503,-0.334381350134515,0
0.29603814295711806,-0.018387224427020354,0.5801007863253025,-1.294778380531001,-0.9050700958985534,0
-0.5978538662438916,0.11187431552019629,-0.014180953380978245,0.277258359990985,0.2628572815048428,0
-2.0860767216438516,1.030602300707628,1.553507347269663,-1.087181359624761,-0.09078318281699632,0
1.864743469713142,-0.27207077953720554,0.5899800109725022,-1.8753169311296838,-1.467887883050259,0
1.3034703336032964,-2.5077748441739205,-1.6153617331634034,-2.0351190407754296,-3.008364376110151,0
1.3026764119229892,-2.49485054123508,-1.7558938913443485,-1.7027831726616856,-2.7708077077426267,0
1.2957705203209338,-0.6943863630896293,-0.522505033631568,-0.4008719645657144,-0.7207865854352473,0
-1.0857762620345703,-1.6648418410309078,-1.1217951087298774,-1.2442468348236613,-1.923476406662311,0
-1.1640182112042512,0.04896920084099508,-0.014047408445709175,0.13831189174153624,0.12675219398988768,0
-0.5322280644180413,1.3804197422628846,0.7797245800065475,1.3569115332721697,1.819256805793916,1
1.3337374512941915,0.5668375425683447,0.7123726198314846,-0.29079261671759826,0.16199041623699878,0
0.02774148829891956,1.4272535741825465,2.049579751476304,-1.2854372767397166,0.026179626472825256,0
-0.6001499381534916,0.6871587145046042,1.574702047603009,-1.8900376530519698,-0.8644060849535439,0
-0.9358143980955865,1.577111297679203,2.336100556027617,-1.5746083623328517,-0.07746144947145209,0
0.10386659467753784,0.3063779391261982,0.44631457756902426,-0.28965717903269694,-0.0038473695057003173,0
-1.065435997806644,-3.0785512754537336,-1.9427781686596983,-2.5853308493109197,-3.753109394886577,0
0.6020722091382785,1.099316839122946,0.37203296773211747,1.6187733024604722,1.8200962075725748,1
0.5787823367870016,-2.0163030511747517,-1.415138773042454,-1.3847055882645145,-2.24521990693899,0
0.4583084685596018,-1.0162977337704844,-0.5476109680824742,-1.056158555171452,-1.378822027096814,0
-0.12961674052320374,2.6324324438633164,2.445467589464802,0.5151038037981226,2.039405048747962,0
-0.12418267765961444,0.9287936599226335,1.2475613315723735,-0.6500990751135629,0.14564432659540077,0
0.595186862622764,0.8826495646180983,0.5479347785646411,0.7608663115587821,1.0895934498967286,0
-0.3592398360714073,-4.345635209886148,-2.752864362043221,-3.6267779895926,-5.282214456474079,0
-0.3710090677403468,1.7345810349284903,1.8808335126780398,-0.24316504469135725,0.9418787480678903,0
1.2541708068138093,0.8324807840775359,0.5254528757265362,0.6988910856268404,1.0147408744778037,0
0.5404152216337982,0.6610953093341997,1.2412724698836786,-1.226572171516548,-0.42333412049759295,0
-0.9236113476861971,1.254690323934394,0.5375530549533799,1.6033785543344412,1.9088703882549416,1
-0.3027928944571646,-0.20725541502334918,-0.10436582389316118,-0.2311882480640156,-0.2920892700200851,0
0.8434848710835415,-0.24787963520671408,-0.15986687075316997,-0.20073359566488735,-0.2970657857446418,0
0.30658038192680265,-0.9404745390247935,-0.6908875607654121,-0.5792448740613785,-1.0012790141795564,0
0.04413272936998022,-2.6417187719731854,-1.7310847332586623,-2.080155859431363,-3.1251232418421204,0
-0.0028698399497125893,-1.2486505553875733,-0.8443838933327651,-0.9266598127345211,-1.438117556991822,0
-1.6559452204915024,-0.6084151507849882,-0.07097956996104982,-1.187624189453973,-1.208593656786269,0
0.7210778828934307,-2.1785748992582534,-1.6174887164798437,-1.3048858243225323,-2.2939583072655676,0
1.044427505783589,-0.4772927353038546,-0.3445403775484286,-0.30712761681011447,-0.5172303899745616,0
0.5074001772826011,1.3125617378133732,1.4091376315031918,-0.15353125586197014,0.733745765473873,0
-1.3522860177031246,0.24243450336787295,0.9254280368426676,-1.466505299251469,-0.8566969612445676,0
-1.7966245754625967,-1.0075844658925521,-0.8986024278229413,-0.27806614454959266,-0.8364180935002997,0
-0.08013515473251115,2.7667543758826736,3.555299196012922,-1.588410124131101,0.6740544938799916,1
0.5227396110245445,-1.0511702556805418,-0.8351647503297617,-0.5112995078079403,-1.0252156554269451,0
-0.27847344877657454,1.6184017900124241,1.1438910434138638,1.094107891966092,1.7901823135315131,1
-0.9635098776257645,1.3738607985407114,1.996133050250734,-1.2875692814918605,-0.009447723637509762,0
1.4697958936468394,1.6910216603443922,2.064277735702933,-0.735808958996407,0.5741227672966438,0
-0.8405985487245067,-2.689663347218254,-1.8221539491988246,-1.9889342821214546,-3.0928577631216823,0
-1.7871532580037166,-3.025682458118062,-2.074156281830618,-2.184739999447812,-3.4429082196770837,0
-0.8038517019053392,-1.967243830850946,-2.1460091425166903,0.3036633271803687,-1.0489781140391736,1
-0.5964909681821244,0.5241923245636605,0.7205355456972935,-0.40244198840875767,0.05767909170090035,0
-0.878834503661272,-0.22172881736262545,0.5779601688595881,-1.7383629947376122,-1.3411944016464568,0
0.0389104414669742,-0.7578684263686666,0.07761754901413198,-1.8383395827538063,-1.753150434910317,0
-0.7208031512896416,-1.044908087397065,0.22644643584295876,-2.7928289710062786,-2.5953069661783568,0
0.9878441700014489,-1.416347022911797,-1.1051899323500747,-0.7324079884965733,-1.4113759959677592,0
-0.8792508446625693,0.24207657891174636,0.09583926084476357,0.32637778473340573,0.3800392460177685,0
-0.043843558529359776,-2.943758204913296,-2.006592903608847,-2.150239856462101,-3.3666969451079525,0
-1.020297092966659,-4.639850978982644,-3.0455076293610612,-3.642568616086609,-5.481324541168654,0
1.1100830846474576,0.7170142151997763,1.5280152035820058,-1.7232864327252084,-0.7302601355114812,0
1.401438378095055,0.37310229836922904,0.5643853083761787,-0.39786424331884795,-0.0358178588599426,0
0.5809958800152506,0.540940031356647,-0.7384860203270498,2.789056346087359,2.270305784397318,1
0.8642590179547414,0.619364935740237,0.8006633856512179,-0.3659052333177858,0.14377072418771228,0
0.558597060024732,0.8802591945499714,1.6404310238893496,-1.6065126512535373,-0.545263270779353,0
1.2333789025321682,-2.211794445552196,-1.3342828224839542,-1.9904352057128416,-2.7881911098276753,0
-0.7578668458484101,-2.7786270656619925,-1.8389992813045648,-2.1486096654751408,-3.259934570829725,0
-1.5700180054425925,-3.118703522193984,-2.1813759253554847,-2.1579584556965417,-3.483938223249926,0
0.522076663011392,0.42357638059546937,0.9687304909205542,-1.1608510080034393,-0.529936624420505,0
2.2574458288659662,-0.18944334703002252,-0.22865684074374104,0.07680608164654146,-0.06819977764052415,0
-0.7109642226143404,-1.8571220084782436,-1.4714812283402439,-0.9120137247907577,-1.8172639920453586,0
-1.0703452415739292,0.9701725827796249,1.4381677133852562,-0.9710043837780916,-0.049287199836769,0
-0.09187866119826996,-0.726634562650433,-0.49901481470518927,-0.522743327848995,-0.8254991980335763,0
-0.870789886625061,1.4035788431731158,1.8890763005742237,-0.9905939536024994,0.21445590920957722,0
1.2054914301239614,-0.11538039359410346,0.7314689030047442,-1.835850545543031,-1.3404208713036845,0
-1.1263708978860099,0.39551792037050654,0.4755625994890824,-0.15640939771124018,0.14510898159555224,0
0.4019540370381821,0.9732712020605596,1.751183467232214,-1.6409525015551802,-0.5095227620858838,0
0.35059926546535497,-0.7357888046562785,-0.6058344289109953,-0.31196441520547746,-0.6859324934736712,0
-0.9763496058790424,-0.8018338229065841,-0.629403135145826,-0.4065848168402372,-0.793464322819855,0
0.5819717086798704,-1.9313889613534523,-1.3616497209423124,-1.313184731040118,-2.1415542454581384,0
1.5473804301299487,0.1758293484547793,0.7811827362613071,-1.301442870778378,-0.7854239502201249,0
-0.6578614508195262,0.5699756027786143,0.12622354699172855,0.9834501373192508,1.0431371599431551,0
-0.5080892742729048,-1.8284102137389415,-1.328262430107102,-1.1583826444466032,-1.9688739837409912,0
-0.8838566074024476,1.4173061227875845,0.9477467301019689,1.0749334616590422,1.648308409212194,0
-1.2240666296000358,0.048574368462967775,1.0144602916965475,-2.0863174019158945,-1.4083405548376182,0
0.2083492408205231,0.28482337340115405,1.4400213993561948,-2.485683781751448,-1.5327425420700427,0
-0.3207457457754341,-1.223059849657761,-0.8718292585876525,-0.8109116296570541,-1.3418884451929878,0
0.26786513877676466,-1.7365267557813162,-1.3809138755121546,-0.8420109632967361,-1.691819765981575,0
-0.9420955120403909,-1.796398410859936,-1.8929193029568436,0.1330359013904061,-1.0574060288546037,1
0.9459206794037974,-0.9442253392431502,0.09261433097223137,-2.281539097220165,-2.1781436127830442,0
-0.06695364950216909,0.24842180992944285,0.8395784378974235,-1.267690566448345,-0.7156983642523187,0
-0.06374520771815363,-3.955041468637445,-2.6156952420852333,-3.062393498861718,-4.642957698450532,0
-2.127454272362353,0.12487941771805325,0.563217281693108,-0.9424806741869305,-0.5703585694069803,0
-1.2137355299271855,1.7690734266385848,1.7673662228300886,0.07819444071167125,1.1856600053450168,0
-0.7435718263944329,1.1079139103650089,0.6139053787377429,1.1147656485856143,1.4778655432184444,0
1.1240871682329763,1.0626255646165457,0.5362071926916527,1.1829323868445534,1.495924021978835,0
-2.0053080248855295,-0.10421021582837726,1.1399930299016752,-2.6945077842633043,-1.9256891241356588,0
-0.004489859385437371,1.3800617747337627,0.8027518369652732,1.3063347524738902,1.7841333303571199,1
0.5251809846208899,-1.078512772469805,-0.7405240910744842,-0.7761935107345521,-1.225465723402334,0
1.5867654393852726,-1.3202642756571088,-0.9807267394849758,-0.7897235146139525,-1.389453706605702,0
0.6542736853939247,-0.3033726713487112,0.345655111998602,-1.4160534856764861,-1.171052346890236,0
-0.8089832210567461,0.025126154688298322,-0.45761130674432193,1.0447953918296224,0.7369101708822712,1
1.254734696549554,-1.9785305687547712,-1.3104467578726107,-1.5278030124227895,-2.3197834167502176,0
-1.8123068057607459,-0.9317439729061665,-0.7623602499896985,-0.4054679802740614,-0.8757998749582329,0
-0.1791354183897494,-0.1363335101109124,0.7431885180995226,-1.907375398514771,-1.4031721900706746,0
-0.8637670828015439,-0.1594779701572325,0.5810296648061365,-1.6077840512405897,-1.2112808746377428,0
1.0157826227515951,-1.0359961312853698,-0.6929617316885276,-0.7853124105605841,-1.2045583966716167,0
-0.6624566926534723,-0.7966498938391003,-0.20516653096815896,-1.3124094520755154,-1.4151043347858552,0
-0.7111045851037399,1.3404948629978235,1.435963147383897,-0.14996008604049582,0.7540789979433813,0
1.1152066811803674,0.8361415687391833,0.9102459062113406,-0.12500910633779727,0.44864866986031454,0
1.443545745644702,0.858490884952986,0.9308031511874824,-0.12019320450953463,0.46626860819938387,0
0.19017066438615604,-0.5131988512640007,-0.17133097705909717,-0.7607730081684881,-0.8531841494991156,0
0.35169252291094455,-0.38732889980339485,-0.26597809412995044,-0.2786873093432243,-0.4400569025124406,0
-0.2571140630012215,0.5310884351211442,0.24061806649755146,0.6503987443799399,0.7884778709958162,0
-0.47961560969615463,-1.1965117011545754,-1.1353076993384863,-0.18272074251176473,-0.8914968569334024,1
-1.46255876947804,-1.69682013456891,-1.2894237375226343,-0.9523010214588716,-1.7425111581878083,0
0.78980635277917,-2.0055947919010606,-1.4214213822307007,-1.347518289351139,-2.2127129605251636,0
1.4712192665118649,1.4144098560587153,1.718928635779334,-0.5988398566163864,0.49166792200226156,0
0.7206648952903686,-1.1538425938549697,-0.7949856567805189,-0.8244856840621332,-1.306973955424185,0
0.30700855048850817,-2.588977286830664,-1.723664561941686,-1.9799444859199617,-3.022244562268645,0
-0.3053347903288032,-0.5275753158451473,-0.3902261672672408,-0.3191840535708341,-0.5577152576347405,0
0.7395868041740636,0.10294012375121009,0.3039326859782292,-0.43023516464041833,-0.23097963880526967,0
-0.6221385964866385,1.0654953703765193,0.21259447970640455,1.888948239945022,1.9848619435968098,1
1.9286311545067478,-2.3753353013643563,-1.6301485019163269,-1.7112202166872157,-2.7001724214359446,0
0.09754637681737748,-0.7004142656543202,-1.005847159237491,0.6308856941749835,-0.012801414099584607,1
0.35618560481881056,-1.9238198056573543,-1.2831365002010935,-1.4662556759159378,-2.2423204593421313,0
-0.2640084857058174,1.9192893042468715,1.172433871126389,1.6956219560918009,2.397669058702279,0
-0.22080950031807184,-2.8212494881500927,-1.853978197166351,-2.2101733084001687,-3.329675627992716,0
0.08177077478464365,-3.4814952105398937,-2.438806391483636,-2.4010409699357558,-3.8837333432048324,0
-1.7011621872843823,-0.9285116029464409,-0.7132659281729126,-0.5044909803505702,-0.9420510771141647,0
-0.6045460722772207,-1.102710320688995,-0.7724415170784203,-0.7605212565391931,-1.2301326033646842,0
-1.3138631487348063,-2.4670033670789366,-1.7015587943286636,-1.7588805261546976,-2.791696609147661,0
1.5082053000093327,-1.8213561814662131,-1.3663450717906795,-1.0604945791303129,-1.8968253930503067,0
0.9821640263900219,0.41582796278731265,1.4742422235735901,-2.270908322331183,-1.300756120781946,0
-1.153757124294967,-0.997722141032858,-0.7479583348964587,-0.58203813916364,-1.039828596800862,0
-2.1550830940212706,-1.8127068408190237,-1.2893079720290588,-1.207992987837994,-1.9930559271773662,0
0.40428160117848033,-0.4178342769051038,-0.2773704345085767,-0.321296736074116,-0.48896934944024223,0
-0.1604705710034474,-0.8072391991222121,-0.5213185093772985,-0.6521916754673802,-0.9663739741295928,0
-0.4029151440619698,-0.26631403089378386,-0.18703117592134055,-0.182634818817758,-0.2963717304575833,0
0.6778700476180192,-0.789464083488846,-0.5786615756904703,-0.4890284253574121,-0.8424315369092465,0
1.1753324025230911,-0.6031739872463008,-0.5024374535823972,-0.24320690202438233,-0.553658249274244,0
-1.1112354533845794,1.4877166976229868,2.280835917546942,-1.6521662880477197,-0.1881585411730536,0
1.5487890953227872,0.45535436764320264,1.3563610080294248,-1.9289092378989223,-1.0395146116158231,0
-1.30471375335213,1.2271986932379442,1.7757294821368075,-1.1343078215039248,0.002469421942584921,0
-0.6587142931474681,0.6691442588609868,0.7332157232565018,-0.11034978394245243,0.3519311055830616,0
-0.5144540052837467,0.04359672082895712,0.32491453958915484,-0.6064073631755864,-0.3904894050512493,0
-1.4953825944156267,0.3111371517795578,0.7627356673801434,-0.9633077082229864,-0.46557502483416374,0
0.8806633900669685,-2.809254763414046,-2.0622717918001916,-1.7333779666056168,-2.993046595533454,0
-0.2454213202352622,-2.1682504340100017,-1.4586602068192134,-1.625534858783042,-2.508579172902152,1
1.0618693089042457,0.284609607672569,0.7625351273307116,-1.021347087900176,-0.522588372406377,0
1.7681717099204501,1.0026560865998833,2.0265327855895117,-2.171520059328427,-0.8567795457103196,0
-1.3824659024649453,0.607616770469217,0.9984383379648609,-0.8194145132444006,-0.17663480907521129,0
1.5905653156677855,-1.2704406110711264,-0.8907425061389296,-0.874457270675571,-1.4160409473062536,0
0.04912020565430853,-0.5301904741908455,-0.2820817455576695,-0.5587698992131733,-0.7246858693636457,0
-0.13829247389806593,0.3960922291114736,0.9818478925837868,-1.2497939892561662,-0.6088832777969632,0
1.548069671734341,-3.4075032152299634,-2.3207202074285185,-2.4932618598802336,-3.9000252287208,0
-0.9164861585494561,-1.305932823772927,-0.9027840195460142,-0.9266552695116435,-1.4747590223719138,0
2.655652828173739,-0.6919054898053232,-0.42551324025512227,-0.6051116114608963,-0.860110735386865,0
0.060729762326998095,-1.6357785537639193,-1.1427402291355153,-1.1348985835222836,-1.8294413255391755,0
1.460638314518959,0.9998183566491651,0.22341113165913684,1.7207936723078614,1.826832051400185,1
-1.7091448212356546,-0.5155339724738695,0.5050976353362968,-2.2284412617378395,-1.867267438053104,0
1.2191128797556001,0.312246648747222,-0.023125350939567135,0.7382651779987077,0.7091022073087925,0
-0.3297567725778955,1.9590782601892485,1.838706490119544,0.34276361161204727,1.4897442625265938,1
-1.2858168621191648,1.0506283725951446,0.5009578495364813,1.2327011181544933,1.522586159324841,0
-0.0034620333987515858,-2.6623594987308565,-1.7934021653440517,-1.9909150128545727,-3.0767575183375024,0
1.594304671433129,-0.385940202760879,0.30819224895017394,-1.5170525478352985,-1.2935547887192926,0
0.7419239308540623,-1.1903754345191506,-0.935695417871683,-0.6007810406405183,-1.1760040226735378,0
0.7025937759263208,1.1658824735445692,0.4993694424631562,1.4901827036241295,1.7739609514424044,1
1.1464765786753839,-0.3385748255299138,0.40845939553776245,-1.6294378613390674,-1.340792304340794,0
-0.5962963636238787,2.4204629915788725,2.8951137361603605,-0.924316692340204,0.9107035295105878,1
-0.4935043494469371,-1.9147599613205124,-1.268680442894143,-1.4775413971391884,-2.244311063911175,0
0.9920928275262934,-1.4030192451194374,-1.0232157136923445,-0.8802686696512914,-1.5048635842358453,0
-0.8674580893386964,1.440948515212572,0.9106596692205219,1.2072336230761243,1.7547108653624823,1
0.12860902590036,1.2436392945396708,1.6305988472792003,-0.7842787344409385,0.2544826318072191,0
-0.8751780411438508,0.5625117505956381,0.6788097239135124,-0.22776061254643842,0.20271083975273313,0
-0.2914476880392006,-0.40031168799034933,-0.7938871128927915,0.834099193368784,0.3193833823983182,1
1.115011759620514,-2.2392932326081403,-1.4889302468131476,-1.7166824482673944,-2.6169121812653056,0
-1.0976636058773594,-1.9920610862331618,-1.4185260104547355,-1.3239469527010372,-2.187792591293131,0
1.078838338747219,0.7725922676757015,-0.017841791635570425,1.7415519338335175,1.6957927917378688,1
-0.46859972367328323,0.14298727069052802,0.9778517349134245,-1.7990569085806027,-1.1497529053261806,0
0.6682707160165825,-0.24722457239008466,0.20160507385189785,-0.9808360786130725,-0.8348634236459539,0
1.310041673261498,0.9604148342079296,0.9284330829634672,0.1095956253713013,0.6900097549097389,0
0.8998715293592873,1.3026756793311456,2.605194685022057,-2.7613435741107786,-1.0717884616039048,0
0.7672431226844036,0.9927199875835613,1.2717792154113172,-0.561552368961594,0.24763035836653804,0
0.5234139330769151,-2.0611239274392568,-1.3723621635064762,-1.5759896269373916,-2.4058654489532985,0
0.4623021582518878,0.4665818603941709,0.963051583357983,-1.0537782845361545,-0.4285524036518493,0
-0.06533407981200533,-0.6914707353689468,-1.199618747361371,1.0695571350172521,0.2955728571865429,1
0.38849781564530506,-1.0805212339850436,-0.716360408533983,-0.8328654606448235,-1.2658502971052976,0
-0.44609623896789696,0.7674800660070465,1.3277100636948485,-1.1789636567947903,-0.32243110933340063,0
-1.7514574280389648,-0.5407831682223748,-0.49606000475688117,-0.1194716248427451,-0.42837683538872884,0
-1.3133286349422937,0.19065099087312645,0.8749287145757298,-1.4714627004988647,-0.893244161830569,0
-2.0838313970410076,-1.2646470680410575,-0.8316175976444564,-0.9895221912872803,-1.4917215307360723,0
0.20903135899313463,-1.507593189861049,-1.0718709319906532,-1.0055758275728737,-1.6582148667130552,0
-1.124841680583469,0.7854448658160841,1.1552469837155956,-0.7664787989788284,-0.026352682511569487,0
-0.07698703131218715,0.6878318707286578,-0.09605089918147391,1.7238176244554149,1.6293344441581592,1
0.3418260518856096,-0.7045153548133607,-0.4546863057574363,-0.5698310088856289,-0.843836342653709,0
1.2981447790584442,-1.3916366340765214,-0.2503277709978178,-2.5262566292965687,-2.633199617518917,0
1.1579854843309514,-0.7599330674063197,-0.472154138114247,-0.6542171520339215,-0.9375087447294309,0
-0.2947752427032595,-0.9188752556447041,-1.2287607006974255,0.6313123252314059,-0.1522608837525383,1
-0.34644266766296244,1.3185706800771024,0.8915643118668944,0.9787704645668812,1.5187995848116633,1
2.330555457951019,-2.352328276324899,-1.5428456326264257,-1.8492667432092742,-2.7806969167159936,0
0.1974544756633576,-0.8038105489054043,-1.0069048657467015,0.4052627591835013,-0.23461026298026452,1
1.6453350761401333,-2.895166133316166,-2.9663946689390106,0.03207693011753776,-1.8299641691397108,1
-0.7160759947121716,0.5928497038086501,1.1570921341835179,-1.1949934576551569,-0.4452050580881639,0
0.056515000223138795,-0.3577550553444501,0.3849206242423734,-1.620821925107363,-1.3471178772738361,0
1.8160565342449912,-0.019838772830501557,0.9823558270223895,-2.16770235598972,-1.5082557770060379,0
0.23750661779533225,0.6035017581528073,1.1887844545636042,-1.2400364733337297,-0.46946729005704235,0
-2.283901778706588,-0.9205297548681747,-1.6970762943206146,1.6402208043176838,0.5427576884325808,1
0.0380853173132917,-3.7674704412261604,-2.3524073804794265,-3.2182031026132005,-4.630462640299805,0
-0.4168243672346814,0.7887415226385323,1.1717592047302021,-0.7949136229796245,-0.04386180552119336,0
2.009294157083379,-4.291599257212853,-2.8554145895893694,-3.285943899742575,-5.012494668222071,0
-1.6162889289756441,0.3886228843371599,1.119084686079947,-1.5629808613365088,-0.8297388202718469,0
1.0619768539366503,-0.14295162322724259,0.36235281254753815,-1.0985500756146462,-0.8493724627347833,0
0.12815036770815258,-1.7517841931487808,-1.2831813128342773,-1.086951669284338,-1.8705723764494986,0
0.6221357200850993,-0.21376219946318675,-0.3403766548827545,0.26475344121159283,0.0459136350979292,0
0.872696002725844,1.5959434025560086,1.315469592927112,0.6736305684759687,1.485715001955545,1
-0.5987612609197426,0.2522641915895778,1.3299428256742427,-2.319448615976781,-1.438880541234772,0
-0.12531415032992135,-3.474601808821682,-2.4065393651649343,-2.455611527886983,-3.916973404016303,0
-0.28026629058785196,-1.741279684418634,-1.9171700760328867,0.30696371756244967,-0.9021473401167468,1
-0.8907508712802498,0.9390442312418201,1.6751623160659879,-1.5520298345894923,-0.47006794948520186,0
-0.7727259554437673,-1.2951784618177444,-0.9246009054517735,-0.8557793500070099,-1.4189797677431037,0
1.7312190495627686,-1.2831960800595716,-0.8072603311191573,-1.0830719727321536,-1.568130571828614,0
0.718357051265436,0.3929439693678242,1.000821727317371,-1.2977572401909392,-0.643988603713402,0
-0.7355317288362503,-2.0401067490877143,-1.3472786824523264,-1.583896345546386,-2.3978754326645486,0
-0.24519173484181084,1.6676431792322668,1.431226410470783,0.5813934616273227,1.467945550308215,1
0.47797475825534713,-0.723387871147369,-0.626017191509271,-0.24099223689588,-0.6290334825497359,0
0.6702529111716998,-1.7539305301627757,-1.0972176822403434,-1.4937587352764874,-2.1526141366023417,0
0.4607669136844976,-1.1502040831817595,-1.3048902212305553,0.2860102620743624,-0.5384810223590066,1
-0.508452874716127,2.2423562020901375,1.9240123724498515,0.7827333781239727,1.974511436916621,0
-0.6882924683583641,-1.185012654907247,-0.8907553349598444,-0.6861261439652415,-1.2314555580203634,0
-0.9301400599935797,-1.5232773965442301,-1.1233883320446412,-0.9287606256973306,-1.6152511937197502,0
0.09459887289522677,-0.6016381502048572,-1.1009321757306758,1.054196972126925,0.342443089657975,1
-1.1107869248396773,-0.36813852670361935,0.2979499524291864,-1.4556683566448667,-1.2398158631690592,0
-0.7847291516082043,2.509983036056643,2.9477122150728494,-0.840717695590592,1.0256487911855732,1
2.048092918292565,0.43412327249905086,0.6899901600991216,-0.5349326028394936,-0.09134921165313324,0
-0.7576689461206922,1.4056731776305074,1.5672701275496141,-0.2901933819350879,0.699023591144659,0
-1.1677667778400656,-0.20645597481975553,0.6556035101493063,-1.8725724091893863,-1.4240192647940648,0
-0.2692848176323521,-2.596221782894923,-1.7217651294549479,-2.0000198705529613,-3.0407296349306554,0
-1.0628333154032372,0.4733942290881144,0.6252904299665973,-0.3084814392913511,0.090008817984554,0
-0.47809054514928684,-0.8245398525262124,-0.6319158759051295,-0.4512014164169347,-0.838772183200608,0
-1.7773240602362717,-0.07844900441877693,-0.09875068050082514,0.04059087428083141,-0.022180487006422042,0
1.4528171106565895,0.4532858837273,0.19991471857956422,0.5669091466330325,0.6811039991059801,0
-0.005081742365577967,-0.20293784897459016,0.946963722676094,-2.4947739159811064,-1.8510446050626326,0
-0.8240088426180977,-1.5770412230640527,-0.9992906540091239,-1.3155830991445203,-1.9165256976769114,0
-0.33249834069971784,-3.36118134105237,-2.2700315559681226,-2.5007525520416505,-3.8755602686504957,0
0.4384143783828639,0.4539316607546931,0.1538720529430837,0.6678824459343606,0.7511816999984734,0
-1.049165207089403,1.3147301608481965,1.5808210971012804,-0.5199521147581836,0.4823279289796151,0
1.0066098374292942,-3.5546885427754757,-2.4139400322238176,-2.6161404579543763,-4.078960317324654,0
1.118798461459271,-3.037852805017091,-2.151807318562522,-2.0436753134574155,-3.3533689660477584,0
0.6727803753089705,0.4452239915463919,0.6899949050878754,-0.5104742558632244,-0.06737329637308932,0
-0.12930328529986648,-0.09031916868690551,0.2243781198757453,-0.6842176163769769,-0.5298417345578023,0
1.2354183839568476,1.973907744454745,1.9304893773026137,0.17700550943845594,1.3848693644021615,0
1.9292936405818542,0.984658299059261,1.3860702174127657,-0.8264333089804842,0.05972363002799147,0
-1.1600655333996877,1.7390017714987125,1.396771445808488,0.8131804829033449,1.6735120473950211,1
-0.7610428739165858,-1.2096282660054825,-1.6096193067438676,0.8138867496787521,-0.21229762397014929,1
